book,chapter,verse,text,type,marker
GEN,,,- Berean Standard Bible,book,id
GEN,,,Genesis,para,h
GEN,,,Genesis,para,toc2
GEN,,,Genesis,para,toc1
GEN,,,Genesis,para,mt1
GEN,1,,,chapter,c
GEN,1,,The Creation,para,s1
GEN,1,,(John 1:1–5; Hebrews 11:1–3),para,r
GEN,1,1,,verse,v
GEN,1,1,In the beginning God created the heavens and the earth.,para,m
GEN,1,1,,para,b
GEN,1,2,,verse,v
GEN,1,2,"Now the earth was formless and void, and darkness was over the surface of the deep. And the Spirit of God was hovering over the surface of the waters.",para,m
GEN,1,2,The First Day,para,s2
GEN,1,2,,para,b
GEN,1,3,,verse,v
GEN,1,3,"And God said, “Let there be light,”",para,pmo
GEN,1,3,,note,f
GEN,1,3,1:3,char,fr
GEN,1,3,Cited in 2 Corinthians 4:6,char,ft
GEN,1,3, and there was light.,para,pmo
GEN,1,4,,verse,v
GEN,1,4,"And God saw that the light was good, and He separated the light from the darkness.",para,pmo
GEN,1,5,,verse,v
GEN,1,5,"God called the light “day,” and the darkness He called “night.”",para,pmo
GEN,1,5,,para,b
GEN,1,5,"And there was evening, and there was morning—the first day.",para,pmo
GEN,1,5,,note,f
GEN,1,5,1:5,char,fr
GEN,1,5,Literally day one,char,ft
GEN,1,5,,para,pmo
GEN,1,5,The Second Day,para,s2
GEN,1,5,,para,b
GEN,1,6,,verse,v
GEN,1,6,"And God said, “Let there be an expanse",para,pmo
GEN,1,6,,note,f
GEN,1,6,1:6,char,fr
GEN,1,6,"Or a canopy or a firmament or a vault; also in verses 7, 8, 14, 15, 17, and 20",char,ft
GEN,1,6," between the waters, to separate the waters from the waters.”",para,pmo
GEN,1,7,,verse,v
GEN,1,7,So God made the expanse and separated the waters beneath it from the waters above. And it was so.,para,pmo
GEN,1,8,,verse,v
GEN,1,8,God called the expanse “sky.”,para,pmo
GEN,1,8,,para,b
GEN,1,8,"And there was evening, and there was morning—the second day.",para,pmo
GEN,1,8,The Third Day,para,s2
GEN,1,8,,para,b
GEN,1,9,,verse,v
GEN,1,9,"And God said, “Let the waters under the sky be gathered into one place, so that the dry land may appear.” And it was so.",para,pmo
GEN,1,10,,verse,v
GEN,1,10,"God called the dry land “earth,” and the gathering of waters He called “seas.” And God saw that it was good.",para,pmo
GEN,1,10,,para,b
GEN,1,11,,verse,v
GEN,1,11,"Then God said, “Let the earth bring forth vegetation: seed-bearing plants and fruit trees, each bearing fruit with seed according to its kind.” And it was so.",para,pmo
GEN,1,12,,verse,v
GEN,1,12,The earth produced vegetation: seed-bearing plants according to their kinds and trees bearing fruit with seed according to their kinds. And God saw that it was good.,para,pmo
GEN,1,12,,para,b
GEN,1,13,,verse,v
GEN,1,13,"And there was evening, and there was morning—the third day.",para,pmo
GEN,1,13,The Fourth Day,para,s2
GEN,1,13,,para,b
GEN,1,14,,verse,v
GEN,1,14,"And God said, “Let there be lights in the expanse of the sky to distinguish between the day and the night, and let them be signs to mark the seasons and days and years.",para,pmo
GEN,1,15,,verse,v
GEN,1,15,And let them serve as lights in the expanse of the sky to shine upon the earth.” And it was so.,para,pmo
GEN,1,15,,para,b
GEN,1,16,,verse,v
GEN,1,16,God made two great lights: the greater light to rule the day and the lesser light to rule the night. And He made the stars as well.,para,pmo
GEN,1,16,,para,b
GEN,1,17,,verse,v
GEN,1,17,"God set these lights in the expanse of the sky to shine upon the earth,",para,pmo
GEN,1,18,,verse,v
GEN,1,18,"to preside over the day and the night, and to separate the light from the darkness. And God saw that it was good.",para,pmo
GEN,1,18,,para,b
GEN,1,19,,verse,v
GEN,1,19,"And there was evening, and there was morning—the fourth day.",para,pmo
GEN,1,19,The Fifth Day,para,s2
GEN,1,19,,para,b
GEN,1,20,,verse,v
GEN,1,20,"And God said, “Let the waters teem with living creatures, and let birds fly above the earth in the open expanse of the sky.”",para,pmo
GEN,1,21,,verse,v
GEN,1,21,"So God created the great sea creatures and every living thing that moves, with which the waters teemed according to their kinds, and every winged bird after its kind. And God saw that it was good.",para,pmo
GEN,1,21,,para,b
GEN,1,22,,verse,v
GEN,1,22,"Then God blessed them and said, “Be fruitful and multiply and fill the waters of the seas, and let birds multiply on the earth.”",para,pmo
GEN,1,22,,para,b
GEN,1,23,,verse,v
GEN,1,23,"And there was evening, and there was morning—the fifth day.",para,pmo
GEN,1,23,The Sixth Day,para,s2
GEN,1,23,,para,b
GEN,1,24,,verse,v
GEN,1,24,"And God said, “Let the earth bring forth living creatures according to their kinds: livestock, land crawlers, and beasts of the earth according to their kinds.” And it was so.",para,pmo
GEN,1,25,,verse,v
GEN,1,25,"God made the beasts of the earth according to their kinds, the livestock according to their kinds, and everything that crawls upon the earth according to its kind. And God saw that it was good.",para,pmo
GEN,1,25,,para,b
GEN,1,26,,verse,v
GEN,1,26,"Then God said, “Let Us make man in Our image, after Our likeness, to rule over the fish of the sea and the birds of the air, over the livestock, and over all the earth itself",para,pmo
GEN,1,26,,note,f
GEN,1,26,1:26,char,fr
GEN,1,26,MT; Syriac and over all the beasts of the earth,char,ft
GEN,1,26, and every creature that crawls upon it.”,para,pmo
GEN,1,26,,para,b
GEN,1,27,,verse,v
GEN,1,27,So God created man in His own image;,para,q1
GEN,1,27,in the image of God He created him;,para,q2
GEN,1,27,male and female He created them.,para,q2
GEN,1,27,,note,f
GEN,1,27,1:27,char,fr
GEN,1,27,Cited in Matthew 19:4 and Mark 10:6,char,ft
GEN,1,27,,para,q2
GEN,1,27,,para,b
GEN,1,28,,verse,v
GEN,1,28,"God blessed them and said to them, “Be fruitful and multiply, and fill the earth and subdue it; rule over the fish of the sea and the birds of the air and every creature that crawls upon the earth.”",para,pmo
GEN,1,28,,para,b
GEN,1,29,,verse,v
GEN,1,29,"Then God said, “Behold, I have given you every seed-bearing plant on the face of all the earth, and every tree whose fruit contains seed. They will be yours for food.",para,pmo
GEN,1,30,,verse,v
GEN,1,30,And to every beast of the earth and every bird of the air and every creature that crawls upon the earth—everything that has the breath of life in it—I have given every green plant for food.” And it was so.,para,pmo
GEN,1,30,,para,b
GEN,1,31,,verse,v
GEN,1,31,"And God looked upon all that He had made, and indeed, it was very good.",para,pmo
GEN,1,31,,para,b
GEN,1,31,"And there was evening, and there was morning—the sixth day.",para,pmo
GEN,2,,,chapter,c
GEN,2,,The Seventh Day,para,s1
GEN,2,,(Exodus 16:22–30; Hebrews 4:1–11),para,r
GEN,2,1,,verse,v
GEN,2,1,Thus the heavens and the earth were completed in all their vast array.,para,m
GEN,2,2,,verse,v
GEN,2,2,And by the seventh day God had finished the work He had been doing; so on that day He rested from all His work.,para,m
GEN,2,2,,note,f
GEN,2,2,2:2,char,fr
GEN,2,2,Cited in Hebrews 4:4,char,ft
GEN,2,2,,para,m
GEN,2,2,,para,b
GEN,2,3,,verse,v
GEN,2,3,"Then God blessed the seventh day and sanctified it, because on that day He rested from all the work of creation that He had accomplished.",para,m
GEN,2,3,Man and Woman in the Garden,para,s1
GEN,2,3,,para,b
GEN,2,4,,verse,v
GEN,2,4,"This is the account of the heavens and the earth when they were created, in the day that the LORD",para,m
GEN,2,4,,note,f
GEN,2,4,2:4,char,fr
GEN,2,4,"LORD or GOD, with capital letters, represents the proper name of the God of Israel and the one true God, transliterated from the Hebrew as YHWH; here and throughout the Scriptures.",char,ft
GEN,2,4, God made them.,para,m
GEN,2,4,,para,b
GEN,2,5,,verse,v
GEN,2,5,"Now no shrub of the field had yet appeared on the earth, nor had any plant of the field sprouted, for the LORD God had not yet sent rain upon the earth, and there was no man to cultivate the ground.",para,m
GEN,2,6,,verse,v
GEN,2,6,But springs,para,m
GEN,2,6,,note,f
GEN,2,6,2:6,char,fr
GEN,2,6,Or mist,char,ft
GEN,2,6, welled up from the earth and watered the whole surface of the ground.,para,m
GEN,2,6,,para,b
GEN,2,7,,verse,v
GEN,2,7,"Then the LORD God formed man from the dust of the ground and breathed the breath of life into his nostrils, and the man became a living being.",para,m
GEN,2,7,,note,f
GEN,2,7,2:7,char,fr
GEN,2,7,Or a living soul; cited in 1 Corinthians 15:45,char,ft
GEN,2,7,,para,m
GEN,2,7,,para,b
GEN,2,8,,verse,v
GEN,2,8,"And the LORD God planted a garden in Eden, in the east, where He placed the man He had formed.",para,m
GEN,2,9,,verse,v
GEN,2,9,Out of the ground the LORD God gave growth to every tree that is pleasing to the eye and good for food. And in the middle of the garden were the tree of life and the tree of the knowledge of good and evil.,para,m
GEN,2,9,,para,b
GEN,2,10,,verse,v
GEN,2,10,"Now a river flowed out of Eden to water the garden, and from there it branched into four headwaters:",para,m
GEN,2,10,,para,b
GEN,2,11,,verse,v
GEN,2,11,"The name of the first river is the Pishon; it winds through the whole land of Havilah, where there is gold.",para,li1
GEN,2,12,,verse,v
GEN,2,12,"And the gold of that land is pure, and bdellium and onyx are found there.",para,li1
GEN,2,12,,para,b
GEN,2,13,,verse,v
GEN,2,13,The name of the second river is the Gihon; it winds through the whole land of Cush.,para,li1
GEN,2,13,,para,b
GEN,2,14,,verse,v
GEN,2,14,The name of the third river is the Tigris; it runs along the east side of Assyria.,para,li1
GEN,2,14,,para,b
GEN,2,14,And the fourth river is the Euphrates.,para,li1
GEN,2,14,,para,b
GEN,2,15,,verse,v
GEN,2,15,Then the LORD God took the man and placed him in the Garden of Eden to cultivate and keep it.,para,m
GEN,2,15,,para,b
GEN,2,16,,verse,v
GEN,2,16,"And the LORD God commanded him, “You may eat freely from every tree of the garden,",para,m
GEN,2,17,,verse,v
GEN,2,17,"but you must not eat from the tree of the knowledge of good and evil; for in the day that you eat of it, you will surely die.”",para,m
GEN,2,17,,para,b
GEN,2,18,,verse,v
GEN,2,18,"The LORD God also said, “It is not good for the man to be alone. I will make for him a suitable helper.”",para,m
GEN,2,18,,para,b
GEN,2,19,,verse,v
GEN,2,19,"And out of the ground the LORD God formed every beast of the field and every bird of the air, and He brought them to the man to see what he would name each one. And whatever the man called each living creature, that was its name.",para,m
GEN,2,20,,verse,v
GEN,2,20,"The man gave names to all the livestock, to the birds of the air, and to every beast of the field. But for Adam",para,m
GEN,2,20,,note,f
GEN,2,20,2:20,char,fr
GEN,2,20,"Or the man, as in verses 19 and 21",char,ft
GEN,2,20, no suitable helper was found.,para,m
GEN,2,20,,para,b
GEN,2,21,,verse,v
GEN,2,21,"So the LORD God caused the man to fall into a deep sleep, and while he slept, He took one of the man’s ribs",para,m
GEN,2,21,,note,f
GEN,2,21,2:21,char,fr
GEN,2,21,Or took part of the man’s side; similarly in verse 22,char,ft
GEN,2,21, and closed up the area with flesh.,para,m
GEN,2,22,,verse,v
GEN,2,22,"And from the rib that the LORD God had taken from the man, He made a woman and brought her to him.",para,m
GEN,2,23,,verse,v
GEN,2,23,And the man said:,para,m
GEN,2,23,,para,b
GEN,2,23,“This is now bone of my bones,para,q1
GEN,2,23,and flesh of my flesh;,para,q2
GEN,2,23,"she shall be called ‘woman,’",para,q1
GEN,2,23,for out of man she was taken.”,para,q2
GEN,2,23,,para,b
GEN,2,24,,verse,v
GEN,2,24,"For this reason a man will leave his father and mother and be united to his wife, and they will become one flesh.",para,m
GEN,2,24,,note,f
GEN,2,24,2:24,char,fr
GEN,2,24,"LXX and the two will become one flesh; cited in Matthew 19:5, Mark 10:7–8, 1 Corinthians 6:16, and Ephesians 5:31",char,ft
GEN,2,24,,para,m
GEN,2,24,,para,b
GEN,2,25,,verse,v
GEN,2,25,"And the man and his wife were both naked, and they were not ashamed.",para,m
GEN,3,,,chapter,c
GEN,3,,The Serpent’s Deception,para,s1
GEN,3,,(Romans 5:12–21),para,r
GEN,3,1,,verse,v
GEN,3,1,Now the serpent,para,m
GEN,3,1,,note,f
GEN,3,1,3:1,char,fr
GEN,3,1,"Hebrew nachash, translated in this chapter as serpent, is translated in most cases as snake.",char,ft
GEN,3,1," was more crafty than any beast of the field that the LORD God had made. And he said to the woman, “Did God really say, ‘You must not eat from any tree in the garden?’”",para,m
GEN,3,1,,para,b
GEN,3,2,,verse,v
GEN,3,2,"The woman answered the serpent, “We may eat the fruit of the trees of the garden,",para,m
GEN,3,3,,verse,v
GEN,3,3,"but about the fruit of the tree in the middle of the garden, God has said, ‘You must not eat of it or touch it, or you will die.’”",para,m
GEN,3,3,,para,b
GEN,3,4,,verse,v
GEN,3,4,"“You will not surely die,” the serpent told the woman.",para,m
GEN,3,5,,verse,v
GEN,3,5,"“For God knows that in the day you eat of it, your eyes will be opened and you will be like God, knowing good and evil.”",para,m
GEN,3,5,,para,b
GEN,3,6,,verse,v
GEN,3,6,"When the woman saw that the tree was good for food and pleasing to the eyes, and that it was desirable for obtaining wisdom, she took the fruit and ate it. She also gave some to her husband who was with her, and he ate it.",para,m
GEN,3,6,,para,b
GEN,3,7,,verse,v
GEN,3,7,"And the eyes of both of them were opened, and they knew that they were naked; so they sewed together fig leaves and made coverings for themselves.",para,m
GEN,3,7,God Arraigns Adam and Eve,para,s1
GEN,3,7,,para,b
GEN,3,8,,verse,v
GEN,3,8,Then the man and his wife heard the voice of the LORD God walking in the garden in the breeze,para,m
GEN,3,8,,note,f
GEN,3,8,3:8,char,fr
GEN,3,8,Or at the breezy (time); Hebrew unto the Ruach,char,ft
GEN,3,8," of the day, and they hid themselves from the presence of the LORD God among the trees of the garden.",para,m
GEN,3,8,,para,b
GEN,3,9,,verse,v
GEN,3,9,"But the LORD God called out to the man, “Where are you?”",para,m
GEN,3,9,,para,b
GEN,3,10,,verse,v
GEN,3,10,"“I heard Your voice in the garden,” he replied, “and I was afraid because I was naked; so I hid myself.”",para,m
GEN,3,10,,para,b
GEN,3,11,,verse,v
GEN,3,11,“Who told you that you were naked?” asked the LORD God. “Have you eaten from the tree of which I commanded you not to eat?”,para,m
GEN,3,11,,para,b
GEN,3,12,,verse,v
GEN,3,12,"And the man answered, “The woman whom You gave me, she gave me fruit from the tree, and I ate it.”",para,m
GEN,3,12,,para,b
GEN,3,13,,verse,v
GEN,3,13,"Then the LORD God said to the woman, “What is this you have done?”",para,m
GEN,3,13,,para,b
GEN,3,13,"“The serpent deceived me,” she replied, “and I ate.”",para,m
GEN,3,13,The Fate of the Serpent,para,s1
GEN,3,13,,para,b
GEN,3,14,,verse,v
GEN,3,14,So the LORD God said to the serpent:,para,m
GEN,3,14,,para,b
GEN,3,14,"“Because you have done this,",para,q1
GEN,3,14,cursed are you above all livestock,para,q2
GEN,3,14,and every beast of the field!,para,q2
GEN,3,14,"On your belly will you go,",para,q1
GEN,3,14,"and dust you will eat,",para,q2
GEN,3,14,all the days of your life.,para,q2
GEN,3,15,,verse,v
GEN,3,15,"And I will put enmity between you and the woman,",para,q1
GEN,3,15,and between your seed and her seed.,para,q2
GEN,3,15,"He will crush your head,",para,q1
GEN,3,15,and you will strike his heel.,para,q2
GEN,3,15,,note,f
GEN,3,15,3:15,char,fr
GEN,3,15,"Or He will bruise your head, and you will bruise his heel. The same Hebrew root for crush, bruise, or strike appears twice in this verse.",char,ft
GEN,3,15,”,para,q2
GEN,3,15,The Punishment of Mankind,para,s1
GEN,3,15,,para,b
GEN,3,16,,verse,v
GEN,3,16,To the woman He said:,para,m
GEN,3,16,,para,b
GEN,3,16,“I will sharply increase your pain in childbirth;,para,q1
GEN,3,16,in pain you will bring forth children.,para,q2
GEN,3,16,"Your desire will be for your husband,",para,q1
GEN,3,16,,note,f
GEN,3,16,3:16,char,fr
GEN,3,16,Or You will desire to control your husband,char,ft
GEN,3,16,,para,q1
GEN,3,16,and he will rule over you.”,para,q2
GEN,3,16,,para,b
GEN,3,17,,verse,v
GEN,3,17,And to Adam He said:,para,m
GEN,3,17,,para,b
GEN,3,17,“Because you have listened to the voice of your wife,para,q1
GEN,3,17,and have eaten from the tree,para,q2
GEN,3,17,"of which I commanded you not to eat,",para,q2
GEN,3,17,cursed is the ground because of you;,para,q1
GEN,3,17,through toil you will eat of it,para,q2
GEN,3,17,all the days of your life.,para,q2
GEN,3,18,,verse,v
GEN,3,18,"Both thorns and thistles it will yield for you,",para,q1
GEN,3,18,and you will eat the plants of the field.,para,q2
GEN,3,19,,verse,v
GEN,3,19,By the sweat of your brow,para,q1
GEN,3,19,"you will eat your bread,",para,q2
GEN,3,19,until you return to the ground—,para,q1
GEN,3,19,because out of it were you taken.,para,q2
GEN,3,19,"For dust you are,",para,q1
GEN,3,19,and to dust you shall return.”,para,q2
GEN,3,19,,para,b
GEN,3,20,,verse,v
GEN,3,20,"And Adam named his wife Eve,",para,m
GEN,3,20,,note,f
GEN,3,20,3:20,char,fr
GEN,3,20,Eve sounds like the Hebrew for giving life or living.,char,ft
GEN,3,20, because she would be the mother of all the living.,para,m
GEN,3,20,The Expulsion from Paradise,para,s1
GEN,3,20,,para,b
GEN,3,21,,verse,v
GEN,3,21,"And the LORD God made garments of skin for Adam and his wife, and He clothed them.",para,m
GEN,3,21,,para,b
GEN,3,22,,verse,v
GEN,3,22,"Then the LORD God said, “Behold, the man has become like one of Us, knowing good and evil. And now, lest he reach out his hand and take also from the tree of life, and eat, and live forever...”",para,m
GEN,3,22,,para,b
GEN,3,23,,verse,v
GEN,3,23,Therefore the LORD God banished him from the Garden of Eden to work the ground from which he had been taken.,para,m
GEN,3,24,,verse,v
GEN,3,24,"So He drove out the man and stationed cherubim on the east side of the Garden of Eden, along with a whirling sword of flame to guard the way to the tree of life.",para,m
GEN,4,,,chapter,c
GEN,4,,Cain and Abel,para,s1
GEN,4,,(Hebrews 11:4),para,r
GEN,4,1,,verse,v
GEN,4,1,"And Adam had relations with his wife Eve, and she conceived and gave birth to Cain.",para,m
GEN,4,1,,note,f
GEN,4,1,4:1,char,fr
GEN,4,1,Cain sounds like the Hebrew for acquired or brought forth.,char,ft
GEN,4,1,,para,m
GEN,4,1,,para,b
GEN,4,1,"“With the help of the LORD I have brought forth a man,” she said.",para,m
GEN,4,1,,para,b
GEN,4,2,,verse,v
GEN,4,2,Later she gave birth to Cain’s brother Abel.,para,m
GEN,4,2,,para,b
GEN,4,2,"Now Abel was a keeper of sheep, while Cain was a tiller of the soil.",para,m
GEN,4,3,,verse,v
GEN,4,3,"So in the course of time, Cain brought some of the fruit of the soil as an offering to the LORD,",para,m
GEN,4,4,,verse,v
GEN,4,4,while Abel brought the best portions of the firstborn of his flock.,para,m
GEN,4,4,,para,b
GEN,4,4,"And the LORD looked with favor on Abel and his offering,",para,m
GEN,4,5,,verse,v
GEN,4,5,"but He had no regard for Cain and his offering. So Cain became very angry, and his countenance fell.",para,m
GEN,4,5,,para,b
GEN,4,6,,verse,v
GEN,4,6,"“Why are you angry,” said the LORD to Cain, “and why has your countenance fallen?",para,m
GEN,4,7,,verse,v
GEN,4,7,"If you do what is right, will you not be accepted? But if you refuse to do what is right, sin is crouching at your door; it desires you,",para,m
GEN,4,7,,note,f
GEN,4,7,4:7,char,fr
GEN,4,7,Or it desires to control you,char,ft
GEN,4,7, but you must master it.”,para,m
GEN,4,7,,para,b
GEN,4,8,,verse,v
GEN,4,8,"Then Cain said to his brother Abel, “Let us go out to the field.”",para,m
GEN,4,8,,note,f
GEN,4,8,4:8,char,fr
GEN,4,8,"SP, LXX, Syriac, and Vulgate; Hebrew Then Cain spoke to his brother Abel.",char,ft
GEN,4,8," And while they were in the field, Cain rose up against his brother Abel and killed him.",para,m
GEN,4,8,,para,b
GEN,4,9,,verse,v
GEN,4,9,"And the LORD said to Cain, “Where is your brother Abel?”",para,m
GEN,4,9,,para,b
GEN,4,9,“I do not know!” he answered. “Am I my brother’s keeper?”,para,m
GEN,4,9,,para,b
GEN,4,10,,verse,v
GEN,4,10,“What have you done?” replied the LORD. “The voice of your brother’s blood cries out to Me from the ground.,para,m
GEN,4,11,,verse,v
GEN,4,11,"Now you are cursed and banished from the ground, which has opened its mouth to receive your brother’s blood from your hand.",para,m
GEN,4,12,,verse,v
GEN,4,12,"When you till the ground, it will no longer yield its produce to you. You will be a fugitive and a wanderer on the earth.”",para,m
GEN,4,12,,para,b
GEN,4,13,,verse,v
GEN,4,13,"But Cain said to the LORD, “My punishment",para,m
GEN,4,13,,note,f
GEN,4,13,4:13,char,fr
GEN,4,13,Or guilt or sin,char,ft
GEN,4,13, is greater than I can bear.,para,m
GEN,4,14,,verse,v
GEN,4,14,"Behold, this day You have driven me from the face of the earth, and from Your face I will be hidden; I will be a fugitive and a wanderer on the earth, and whoever finds me will kill me.”",para,m
GEN,4,14,,para,b
GEN,4,15,,verse,v
GEN,4,15,“Not so!”,para,m
GEN,4,15,,note,f
GEN,4,15,4:15,char,fr
GEN,4,15,"LXX, Vulgate, and Syriac; Hebrew “Very well!” or “Therefore:”",char,ft
GEN,4,15," replied the LORD. “If anyone slays Cain, then Cain will be avenged sevenfold.” And the LORD placed a mark on Cain, so that no one who found him would kill him.",para,m
GEN,4,15,,para,b
GEN,4,16,,verse,v
GEN,4,16,"So Cain went out from the presence of the LORD and settled in the land of Nod,",para,m
GEN,4,16,,note,f
GEN,4,16,4:16,char,fr
GEN,4,16,Nod means wandering.,char,ft
GEN,4,16, east of Eden.,para,m
GEN,4,16,The Descendants of Cain,para,s1
GEN,4,16,,para,b
GEN,4,17,,verse,v
GEN,4,17,"And Cain had relations with his wife, and she conceived and gave birth to Enoch. Then Cain built a city and named it after his son Enoch.",para,m
GEN,4,17,,para,b
GEN,4,18,,verse,v
GEN,4,18,"Now to Enoch was born Irad, and Irad was the father of Mehujael, and Mehujael was the father of Methusael, and Methusael was the father of Lamech.",para,m
GEN,4,19,,verse,v
GEN,4,19,"And Lamech married two women, one named Adah and the other Zillah.",para,m
GEN,4,19,,para,b
GEN,4,20,,verse,v
GEN,4,20,Adah gave birth to Jabal; he was the father of those who dwell in tents and raise livestock.,para,m
GEN,4,21,,verse,v
GEN,4,21,And his brother’s name was Jubal; he was the father of all who play the harp and flute.,para,m
GEN,4,21,,para,b
GEN,4,22,,verse,v
GEN,4,22,"And Zillah gave birth to Tubal-cain, a forger of every implement of bronze and iron. And the sister of Tubal-cain was Naamah.",para,m
GEN,4,22,,para,b
GEN,4,23,,verse,v
GEN,4,23,Then Lamech said to his wives:,para,m
GEN,4,23,,para,b
GEN,4,23,"“Adah and Zillah, hear my voice;",para,q1
GEN,4,23,"wives of Lamech, listen to my speech.",para,q2
GEN,4,23,"For I have slain a man for wounding me,",para,q1
GEN,4,23,a young man for striking me.,para,q2
GEN,4,24,,verse,v
GEN,4,24,"If Cain is avenged sevenfold,",para,q1
GEN,4,24,then Lamech seventy-sevenfold.”,para,q2
GEN,4,24,,note,f
GEN,4,24,4:24,char,fr
GEN,4,24,Hebrew; LXX can be translated as either seventy times seven or seventy-sevenfold; see also Matthew 18:22.,char,ft
GEN,4,24,,para,q2
GEN,4,24,Seth and Enosh,para,s1
GEN,4,24,,para,b
GEN,4,25,,verse,v
GEN,4,25,"And Adam again had relations with his wife, and she gave birth to a son and named him Seth,",para,m
GEN,4,25,,note,f
GEN,4,25,4:25,char,fr
GEN,4,25,Seth probably means granted or appointed.,char,ft
GEN,4,25," saying, “God has granted me another seed in place of Abel, since Cain killed him.”",para,m
GEN,4,25,,para,b
GEN,4,26,,verse,v
GEN,4,26,"And to Seth also a son was born, and he called him Enosh.",para,m
GEN,4,26,,para,b
GEN,4,26,At that time men began to call upon,para,m
GEN,4,26,,note,f
GEN,4,26,4:26,char,fr
GEN,4,26,Or to proclaim; some translators to invoke or to call themselves by or to profane,char,ft
GEN,4,26, the name of the LORD.,para,m
GEN,5,,,chapter,c
GEN,5,,The Descendants of Adam,para,s1
GEN,5,,(1 Chronicles 1:1–3),para,r
GEN,5,1,,verse,v
GEN,5,1,"This is the book of the generations of Adam. In the day that God created man, He made him in His own likeness.",para,m
GEN,5,2,,verse,v
GEN,5,2,"Male and female He created them,",para,m
GEN,5,2,,note,f
GEN,5,2,5:2,char,fr
GEN,5,2,Cited in Matthew 19:4 and Mark 10:6,char,ft
GEN,5,2," and He blessed them. And in the day they were created, He called them “man.”",para,m
GEN,5,2,,note,f
GEN,5,2,5:2,char,fr
GEN,5,2,Hebrew Adam,char,ft
GEN,5,2,,para,m
GEN,5,2,,para,b
GEN,5,3,,verse,v
GEN,5,3,"When Adam was 130 years old, he had a son in his own likeness, after his own image; and he named him Seth.",para,m
GEN,5,4,,verse,v
GEN,5,4,"And after he had become the father of Seth, Adam lived 800 years and had other sons and daughters.",para,m
GEN,5,5,,verse,v
GEN,5,5,"So Adam lived a total of 930 years, and then he died.",para,m
GEN,5,5,,para,b
GEN,5,6,,verse,v
GEN,5,6,"When Seth was 105 years old, he became the father of Enosh.",para,m
GEN,5,7,,verse,v
GEN,5,7,"And after he had become the father of Enosh, Seth lived 807 years and had other sons and daughters.",para,m
GEN,5,8,,verse,v
GEN,5,8,"So Seth lived a total of 912 years, and then he died.",para,m
GEN,5,8,,para,b
GEN,5,9,,verse,v
GEN,5,9,"When Enosh was 90 years old, he became the father of Kenan.",para,m
GEN,5,10,,verse,v
GEN,5,10,"And after he had become the father of Kenan, Enosh lived 815 years and had other sons and daughters.",para,m
GEN,5,11,,verse,v
GEN,5,11,"So Enosh lived a total of 905 years, and then he died.",para,m
GEN,5,11,,para,b
GEN,5,12,,verse,v
GEN,5,12,"When Kenan was 70 years old, he became the father of Mahalalel.",para,m
GEN,5,13,,verse,v
GEN,5,13,"And after he had become the father of Mahalalel, Kenan lived 840 years and had other sons and daughters.",para,m
GEN,5,14,,verse,v
GEN,5,14,"So Kenan lived a total of 910 years, and then he died.",para,m
GEN,5,14,,para,b
GEN,5,15,,verse,v
GEN,5,15,"When Mahalalel was 65 years old, he became the father of Jared.",para,m
GEN,5,16,,verse,v
GEN,5,16,"And after he had become the father of Jared, Mahalalel lived 830 years and had other sons and daughters.",para,m
GEN,5,17,,verse,v
GEN,5,17,"So Mahalalel lived a total of 895 years, and then he died.",para,m
GEN,5,17,God Takes Up Enoch,para,s1
GEN,5,17,(Hebrews 11:5),para,r
GEN,5,17,,para,b
GEN,5,18,,verse,v
GEN,5,18,"When Jared was 162 years old, he became the father of Enoch.",para,m
GEN,5,19,,verse,v
GEN,5,19,"And after he had become the father of Enoch, Jared lived 800 years and had other sons and daughters.",para,m
GEN,5,20,,verse,v
GEN,5,20,"So Jared lived a total of 962 years, and then he died.",para,m
GEN,5,20,,para,b
GEN,5,21,,verse,v
GEN,5,21,"When Enoch was 65 years old, he became the father of Methuselah.",para,m
GEN,5,22,,verse,v
GEN,5,22,"And after he had become the father of Methuselah, Enoch walked with God",para,m
GEN,5,22,,note,f
GEN,5,22,5:22,char,fr
GEN,5,22,LXX pleased God; also in verse 24,char,ft
GEN,5,22, 300 years and had other sons and daughters.,para,m
GEN,5,23,,verse,v
GEN,5,23,So Enoch lived a total of 365 years.,para,m
GEN,5,23,,para,b
GEN,5,24,,verse,v
GEN,5,24,"Enoch walked with God, and then he was no more, because God had taken him away.",para,m
GEN,5,24,,note,f
GEN,5,24,5:24,char,fr
GEN,5,24,"LXX and he was not found, because God had taken him away; cited in Hebrews 11:5",char,ft
GEN,5,24,,para,m
GEN,5,24,From Methuselah to Noah,para,s1
GEN,5,24,,para,b
GEN,5,25,,verse,v
GEN,5,25,"When Methuselah was 187 years old, he became the father of Lamech.",para,m
GEN,5,26,,verse,v
GEN,5,26,"And after he had become the father of Lamech, Methuselah lived 782 years and had other sons and daughters.",para,m
GEN,5,27,,verse,v
GEN,5,27,"So Methuselah lived a total of 969 years, and then he died.",para,m
GEN,5,27,,para,b
GEN,5,28,,verse,v
GEN,5,28,"When Lamech was 182 years old, he had a son.",para,m
GEN,5,29,,verse,v
GEN,5,29,"And he named him Noah,",para,m
GEN,5,29,,note,f
GEN,5,29,5:29,char,fr
GEN,5,29,Noah sounds like the Hebrew for rest or comfort.,char,ft
GEN,5,29," saying, “May this one comfort us in the labor and toil of our hands caused by the ground that the LORD has cursed.”",para,m
GEN,5,30,,verse,v
GEN,5,30,"And after he had become the father of Noah, Lamech lived 595 years and had other sons and daughters.",para,m
GEN,5,31,,verse,v
GEN,5,31,"So Lamech lived a total of 777 years, and then he died.",para,m
GEN,5,31,,para,b
GEN,5,32,,verse,v
GEN,5,32,"After Noah was 500 years old, he became the father of Shem, Ham, and Japheth.",para,m
GEN,6,,,chapter,c
GEN,6,,Corruption on the Earth,para,s1
GEN,6,,(Matthew 24:36–51),para,r
GEN,6,1,,verse,v
GEN,6,1,"Now when men began to multiply on the face of the earth and daughters were born to them,",para,m
GEN,6,2,,verse,v
GEN,6,2,"the sons of God saw that the daughters of men were beautiful, and they took as wives whomever they chose.",para,m
GEN,6,2,,para,b
GEN,6,3,,verse,v
GEN,6,3,"So the LORD said, “My Spirit will not contend with man forever,",para,m
GEN,6,3,,note,f
GEN,6,3,6:3,char,fr
GEN,6,3,LXX and Syriac My Spirit will not remain in man forever,char,ft
GEN,6,3, for he is mortal; his days shall be 120 years.”,para,m
GEN,6,3,,para,b
GEN,6,4,,verse,v
GEN,6,4,"The Nephilim were on the earth in those days—and afterward as well—when the sons of God had relations with the daughters of men. And they bore them children who became the mighty men of old, men of renown.",para,m
GEN,6,4,,para,b
GEN,6,5,,verse,v
GEN,6,5,"Then the LORD saw that the wickedness of man was great upon the earth, and that every inclination of the thoughts of his heart was altogether evil all the time.",para,m
GEN,6,6,,verse,v
GEN,6,6,"And the LORD regretted that He had made man on the earth, and He was grieved in His heart.",para,m
GEN,6,7,,verse,v
GEN,6,7,"So the LORD said, “I will blot out man, whom I have created, from the face of the earth—every man and beast and crawling creature and bird of the air—for I am grieved that I have made them.”",para,m
GEN,6,7,Noah’s Favor with God,para,s1
GEN,6,7,,para,b
GEN,6,8,,verse,v
GEN,6,8,"Noah, however, found favor in the eyes of the LORD.",para,m
GEN,6,8,,para,b
GEN,6,9,,verse,v
GEN,6,9,"This is the account of Noah. Noah was a righteous man, blameless in his generation; Noah walked with God.",para,m
GEN,6,10,,verse,v
GEN,6,10,"And Noah had three sons: Shem, Ham, and Japheth.",para,m
GEN,6,10,,para,b
GEN,6,11,,verse,v
GEN,6,11,"Now the earth was corrupt in the sight of God, and full of violence.",para,m
GEN,6,12,,verse,v
GEN,6,12,And God looked upon the earth and saw that it was corrupt; for all living creatures,para,m
GEN,6,12,,note,f
GEN,6,12,6:12,char,fr
GEN,6,12,"Literally all flesh; similarly in verses 13, 17, and 19",char,ft
GEN,6,12, on the earth had corrupted their ways.,para,m
GEN,6,12,Preparing the Ark,para,s1
GEN,6,12,(Hebrews 11:7),para,r
GEN,6,12,,para,b
GEN,6,13,,verse,v
GEN,6,13,"Then God said to Noah, “The end of all living creatures has come before Me, because through them the earth is full of violence. Now behold, I will destroy both them and the earth.",para,m
GEN,6,13,,para,b
GEN,6,14,,verse,v
GEN,6,14,Make for yourself an ark of gopher wood;,para,m
GEN,6,14,,note,f
GEN,6,14,6:14,char,fr
GEN,6,14,Gopher is an unknown kind of tree; possibly cypress or cedar.,char,ft
GEN,6,14, make rooms in the ark and coat it with pitch inside and out.,para,m
GEN,6,15,,verse,v
GEN,6,15,"And this is how you are to build it: The ark is to be 300 cubits long, 50 cubits wide, and 30 cubits high.",para,m
GEN,6,15,,note,f
GEN,6,15,6:15,char,fr
GEN,6,15,"The ark was approximately 450 feet long, 75 feet wide, and 45 feet high (137.2 meters long, 22.9 meters wide, and 13.7 meters high).",char,ft
GEN,6,15,,para,m
GEN,6,16,,verse,v
GEN,6,16,You are to make a roof,para,m
GEN,6,16,,note,f
GEN,6,16,6:16,char,fr
GEN,6,16,Or skylight or window,char,ft
GEN,6,16," for the ark, finish its walls a cubit from the top,",para,m
GEN,6,16,,note,f
GEN,6,16,6:16,char,fr
GEN,6,16,A cubit is approximately 18 inches or 45.7 centimeters.,char,ft
GEN,6,16," place a door in the side of the ark, and build lower, middle, and upper decks.",para,m
GEN,6,16,,para,b
GEN,6,17,,verse,v
GEN,6,17,"And behold, I will bring floodwaters upon the earth to destroy every creature under the heavens that has the breath of life. Everything on the earth will perish.",para,m
GEN,6,18,,verse,v
GEN,6,18,"But I will establish My covenant with you, and you will enter the ark—you and your sons and your wife and your sons’ wives with you.",para,m
GEN,6,18,,para,b
GEN,6,19,,verse,v
GEN,6,19,And you are to bring two of every living creature into the ark—male and female—to keep them alive with you.,para,m
GEN,6,20,,verse,v
GEN,6,20,Two of every kind of bird and animal and crawling creature will come to you to be kept alive.,para,m
GEN,6,21,,verse,v
GEN,6,21,You are also to take for yourself every kind of food that is eaten and gather it as food for yourselves and for the animals.”,para,m
GEN,6,21,,para,b
GEN,6,22,,verse,v
GEN,6,22,So Noah did everything precisely as God had commanded him.,para,m
GEN,7,,,chapter,c
GEN,7,,The Great Flood,para,s1
GEN,7,,(2 Peter 3:1–7),para,r
GEN,7,1,,verse,v
GEN,7,1,"Then the LORD said to Noah, “Go into the ark, you and all your family, because I have found you righteous in this generation.",para,m
GEN,7,2,,verse,v
GEN,7,2,You are to take with you seven pairs of,para,m
GEN,7,2,,note,f
GEN,7,2,7:2,char,fr
GEN,7,2,Or by sevens; also in verse 3,char,ft
GEN,7,2," every kind of clean animal, a male and its mate; a pair of every kind of unclean animal, a male and its mate;",para,m
GEN,7,3,,verse,v
GEN,7,3,"and seven pairs of every kind of bird of the air, male and female, to preserve their offspring on the face of all the earth.",para,m
GEN,7,4,,verse,v
GEN,7,4,"For seven days from now I will send rain on the earth for forty days and forty nights, and I will wipe from the face of the earth every living thing I have made.”",para,m
GEN,7,4,,para,b
GEN,7,5,,verse,v
GEN,7,5,And Noah did all that the LORD had commanded him.,para,m
GEN,7,5,,para,b
GEN,7,6,,verse,v
GEN,7,6,Now Noah was 600 years old when the floodwaters came upon the earth.,para,m
GEN,7,7,,verse,v
GEN,7,7,"And Noah and his wife, with his sons and their wives, entered the ark to escape the waters of the flood.",para,m
GEN,7,8,,verse,v
GEN,7,8,"The clean and unclean animals, the birds, and everything that crawls along the ground",para,m
GEN,7,9,,verse,v
GEN,7,9,"came to Noah to enter the ark, two by two, male and female, as God had commanded Noah.",para,m
GEN,7,9,,para,b
GEN,7,10,,verse,v
GEN,7,10,And after seven days the floodwaters came upon the earth.,para,m
GEN,7,11,,verse,v
GEN,7,11,"In the six hundredth year of Noah’s life, on the seventeenth day of the second month, all the fountains of the great deep burst forth, and the floodgates of the heavens were opened.",para,m
GEN,7,12,,verse,v
GEN,7,12,And the rain fell upon the earth for forty days and forty nights.,para,m
GEN,7,12,,para,b
GEN,7,13,,verse,v
GEN,7,13,"On that very day Noah entered the ark, along with his sons Shem, Ham, and Japheth, and his wife, and the three wives of his sons—",para,m
GEN,7,14,,verse,v
GEN,7,14,"they and every kind of wild animal, livestock, crawling creature, bird, and winged creature.",para,m
GEN,7,15,,verse,v
GEN,7,15,"They came to Noah to enter the ark, two by two of every creature",para,m
GEN,7,15,,note,f
GEN,7,15,7:15,char,fr
GEN,7,15,Literally of all flesh; similarly in verses 16 and 21,char,ft
GEN,7,15, with the breath of life.,para,m
GEN,7,16,,verse,v
GEN,7,16,"And they entered, the male and female of every living thing, as God had commanded Noah. Then the LORD shut him in.",para,m
GEN,7,16,,para,b
GEN,7,17,,verse,v
GEN,7,17,"For forty days the flood kept coming on the earth, and the waters rose and lifted the ark high above the earth.",para,m
GEN,7,18,,verse,v
GEN,7,18,"So the waters continued to surge and rise greatly on the earth, and the ark floated on the surface of the waters.",para,m
GEN,7,19,,verse,v
GEN,7,19,"Finally, the waters completely prevailed upon the earth, so that all the high mountains under all the heavens were covered.",para,m
GEN,7,19,,para,b
GEN,7,20,,verse,v
GEN,7,20,The waters rose and covered the mountaintops to a depth of fifteen cubits.,para,m
GEN,7,20,,note,f
GEN,7,20,7:20,char,fr
GEN,7,20,15 cubits is approximately 22.5 feet or 6.9 meters.,char,ft
GEN,7,20,,para,m
GEN,7,21,,verse,v
GEN,7,21,"And every living thing that moved upon the earth perished—birds, livestock, animals, every creature that swarms upon the earth, and all mankind.",para,m
GEN,7,22,,verse,v
GEN,7,22,"Of all that was on dry land, everything that had the breath of life in its nostrils died.",para,m
GEN,7,23,,verse,v
GEN,7,23,"And every living thing on the face of the earth was destroyed—man and livestock, crawling creatures and birds of the air; they were blotted out from the earth, and only Noah and those with him in the ark remained.",para,m
GEN,7,23,,para,b
GEN,7,24,,verse,v
GEN,7,24,And the waters prevailed upon the earth for 150 days.,para,m
GEN,8,,,chapter,c
GEN,8,,The Ark Rests on Ararat,para,s1
GEN,8,1,,verse,v
GEN,8,1,"But God remembered Noah and all the animals and livestock that were with him in the ark. And God sent a wind over the earth, and the waters began to subside.",para,m
GEN,8,2,,verse,v
GEN,8,2,"The springs of the deep and the floodgates of the heavens were closed, and the rain from the sky was restrained.",para,m
GEN,8,3,,verse,v
GEN,8,3,"The waters receded steadily from the earth, and after 150 days the waters had gone down.",para,m
GEN,8,3,,para,b
GEN,8,4,,verse,v
GEN,8,4,"On the seventeenth day of the seventh month, the ark came to rest on the mountains of Ararat.",para,m
GEN,8,5,,verse,v
GEN,8,5,"And the waters continued to recede until the tenth month, and on the first day of the tenth month the tops of the mountains became visible.",para,m
GEN,8,5,Noah Sends a Raven and a Dove,para,s1
GEN,8,5,,para,b
GEN,8,6,,verse,v
GEN,8,6,After forty days Noah opened the window he had made in the ark,para,m
GEN,8,7,,verse,v
GEN,8,7,and sent out a raven. It kept flying back and forth until the waters had dried up from the earth.,para,m
GEN,8,7,,para,b
GEN,8,8,,verse,v
GEN,8,8,Then Noah sent out,para,m
GEN,8,8,,note,f
GEN,8,8,8:8,char,fr
GEN,8,8,Literally sent out from him or sent out from it,char,ft
GEN,8,8, a dove to see if the waters had receded from the surface of the ground.,para,m
GEN,8,9,,verse,v
GEN,8,9,"But the dove found no place to rest her foot, and she returned to him in the ark, because the waters were still covering the surface of all the earth. So he reached out his hand and brought her back inside the ark.",para,m
GEN,8,9,,para,b
GEN,8,10,,verse,v
GEN,8,10,Noah waited seven more days and again sent out the dove from the ark.,para,m
GEN,8,11,,verse,v
GEN,8,11,"And behold, the dove returned to him in the evening with a freshly plucked olive leaf in her beak. So Noah knew that the waters had receded from the earth.",para,m
GEN,8,11,,para,b
GEN,8,12,,verse,v
GEN,8,12,"And Noah waited seven more days and sent out the dove again, but this time she did not return to him.",para,m
GEN,8,12,Exiting the Ark,para,s1
GEN,8,12,,para,b
GEN,8,13,,verse,v
GEN,8,13,"In Noah’s six hundred and first year, on the first day of the first month, the waters had dried up from the earth. So Noah removed the covering from the ark and saw that the surface of the ground was dry.",para,m
GEN,8,14,,verse,v
GEN,8,14,"By the twenty-seventh day of the second month, the earth was fully dry.",para,m
GEN,8,14,,para,b
GEN,8,15,,verse,v
GEN,8,15,"Then God said to Noah,",para,m
GEN,8,16,,verse,v
GEN,8,16,"“Come out of the ark, you and your wife, along with your sons and their wives.",para,m
GEN,8,17,,verse,v
GEN,8,17,"Bring out all the living creatures that are with you—birds, livestock, and everything that crawls upon the ground—so that they can spread out over the earth and be fruitful and multiply upon it.”",para,m
GEN,8,17,,para,b
GEN,8,18,,verse,v
GEN,8,18,"So Noah came out, along with his sons and his wife and his sons’ wives.",para,m
GEN,8,19,,verse,v
GEN,8,19,"Every living creature, every creeping thing, and every bird—everything that moves upon the earth—came out of the ark, kind by kind.",para,m
GEN,8,19,Noah Builds an Altar,para,s1
GEN,8,19,,para,b
GEN,8,20,,verse,v
GEN,8,20,"Then Noah built an altar to the LORD. And taking from every kind of clean animal and clean bird, he offered burnt offerings on the altar.",para,m
GEN,8,21,,verse,v
GEN,8,21,"When the LORD smelled the pleasing aroma, He said in His heart, “Never again will I curse the ground because of man, even though every inclination of his heart is evil from his youth. And never again will I destroy all living creatures as I have done.",para,m
GEN,8,21,,para,b
GEN,8,22,,verse,v
GEN,8,22,"As long as the earth endures,",para,q1
GEN,8,22,"seedtime and harvest,",para,q2
GEN,8,22,"cold and heat,",para,q1
GEN,8,22,"summer and winter,",para,q2
GEN,8,22,day and night,para,q1
GEN,8,22,shall never cease.”,para,q2
GEN,9,,,chapter,c
GEN,9,,The Covenant of the Rainbow,para,s1
GEN,9,1,,verse,v
GEN,9,1,"And God blessed Noah and his sons and said to them, “Be fruitful and multiply and fill the earth.",para,m
GEN,9,2,,verse,v
GEN,9,2,"The fear and dread of you will fall on every living creature on the earth, every bird of the air, every creature that crawls on the ground, and all the fish of the sea. They are delivered into your hand.",para,m
GEN,9,3,,verse,v
GEN,9,3,"Everything that lives and moves will be food for you; just as I gave you the green plants, I now give you all things.",para,m
GEN,9,4,,verse,v
GEN,9,4,But you must not eat meat with its lifeblood still in it.,para,m
GEN,9,5,,verse,v
GEN,9,5,And surely I will require the life of any man or beast by whose hand your lifeblood is shed. I will demand an accounting from anyone who takes the life of his fellow man:,para,m
GEN,9,5,,para,b
GEN,9,6,,verse,v
GEN,9,6,"Whoever sheds the blood of man,",para,q1
GEN,9,6,by man his blood will be shed;,para,q2
GEN,9,6,for in His own image,para,q1
GEN,9,6,God has made mankind.,para,q2
GEN,9,7,,verse,v
GEN,9,7,"But as for you,",para,q1
GEN,9,7,be fruitful and multiply;,para,q2
GEN,9,7,spread out across the earth,para,q1
GEN,9,7,and multiply upon it.”,para,q2
GEN,9,7,,para,b
GEN,9,8,,verse,v
GEN,9,8,"Then God said to Noah and his sons with him,",para,m
GEN,9,9,,verse,v
GEN,9,9,"“Behold, I now establish My covenant with you and your descendants after you,",para,m
GEN,9,10,,verse,v
GEN,9,10,"and with every living creature that was with you—the birds, the livestock, and every beast of the earth—every living thing that came out of the ark.",para,m
GEN,9,11,,verse,v
GEN,9,11,And I establish My covenant with you: Never again will all life be cut off by the waters of a flood; never again will there be a flood to destroy the earth.”,para,m
GEN,9,11,,para,b
GEN,9,12,,verse,v
GEN,9,12,"And God said, “This is the sign of the covenant I am making between Me and you and every living creature with you, a covenant for all generations to come:",para,m
GEN,9,13,,verse,v
GEN,9,13,"I have set My rainbow in the clouds, and it will be a sign of the covenant between Me and the earth.",para,m
GEN,9,13,,para,b
GEN,9,14,,verse,v
GEN,9,14,"Whenever I form clouds over the earth and the rainbow appears in the clouds,",para,m
GEN,9,15,,verse,v
GEN,9,15,I will remember My covenant between Me and you and every living creature of every kind. Never again will the waters become a flood to destroy all life.,para,m
GEN,9,16,,verse,v
GEN,9,16,"And whenever the rainbow appears in the clouds, I will see it and remember the everlasting covenant between God and every living creature of every kind that is on the earth.”",para,m
GEN,9,16,,para,b
GEN,9,17,,verse,v
GEN,9,17,"So God said to Noah, “This is the sign of the covenant that I have established between Me and every creature on the earth.”",para,m
GEN,9,17,Noah’s Shame and Canaan’s Curse,para,s1
GEN,9,17,,para,b
GEN,9,18,,verse,v
GEN,9,18,"The sons of Noah who came out of the ark were Shem, Ham, and Japheth. And Ham was the father of Canaan.",para,m
GEN,9,19,,verse,v
GEN,9,19,"These three were the sons of Noah, and from them the whole earth was populated.",para,m
GEN,9,19,,para,b
GEN,9,20,,verse,v
GEN,9,20,"Now Noah, a man of the soil, proceeded",para,m
GEN,9,20,,note,f
GEN,9,20,9:20,char,fr
GEN,9,20,Or was the first,char,ft
GEN,9,20, to plant a vineyard.,para,m
GEN,9,21,,verse,v
GEN,9,21,"But when he drank some of its wine, he became drunk and uncovered himself inside his tent.",para,m
GEN,9,22,,verse,v
GEN,9,22,"And Ham, the father of Canaan, saw his father’s nakedness and told his two brothers outside.",para,m
GEN,9,22,,para,b
GEN,9,23,,verse,v
GEN,9,23,"Then Shem and Japheth took a garment and placed it across their shoulders, and walking backward, they covered their father’s nakedness. Their faces were turned away so that they did not see their father’s nakedness.",para,m
GEN,9,23,,para,b
GEN,9,24,,verse,v
GEN,9,24,"When Noah awoke from his drunkenness and learned what his youngest son had done to him,",para,m
GEN,9,25,,verse,v
GEN,9,25,"he said,",para,m
GEN,9,25,,para,b
GEN,9,25,“Cursed be Canaan!,para,q1
GEN,9,25,A servant of servants,para,q2
GEN,9,25,shall he be to his brothers.”,para,q2
GEN,9,25,Shem’s Blessing and Noah’s Death,para,s1
GEN,9,25,,para,b
GEN,9,26,,verse,v
GEN,9,26,He also declared:,para,m
GEN,9,26,,para,b
GEN,9,26,"“Blessed be the LORD, the God of Shem!",para,q1
GEN,9,26,May Canaan be the servant of Shem.,para,q2
GEN,9,27,,verse,v
GEN,9,27,May God expand the territory of Japheth;,para,q1
GEN,9,27,,note,f
GEN,9,27,9:27,char,fr
GEN,9,27,Japheth sounds like the Hebrew for expand.,char,ft
GEN,9,27,,para,q1
GEN,9,27,"may he dwell in the tents of Shem,",para,q2
GEN,9,27,and may Canaan be his servant.”,para,q2
GEN,9,27,,para,b
GEN,9,28,,verse,v
GEN,9,28,"After the flood, Noah lived 350 years.",para,m
GEN,9,29,,verse,v
GEN,9,29,"So Noah lived a total of 950 years, and then he died.",para,m
GEN,10,,,chapter,c
GEN,10,,The Table of Nations,para,s1
GEN,10,,(1 Chronicles 1:4–27),para,r
GEN,10,1,,verse,v
GEN,10,1,"This is the account of Noah’s sons Shem, Ham, and Japheth, who also had sons after the flood.",para,m
GEN,10,1,The Japhethites,para,s2
GEN,10,1,,para,b
GEN,10,2,,verse,v
GEN,10,2,The sons of Japheth:,para,m
GEN,10,2,,para,b
GEN,10,2,"Gomer, Magog, Madai, Javan, Tubal, Meshech, and Tiras.",para,pmo
GEN,10,2,,para,b
GEN,10,3,,verse,v
GEN,10,3,The sons of Gomer:,para,m
GEN,10,3,,para,b
GEN,10,3,"Ashkenaz, Riphath, and Togarmah.",para,pmo
GEN,10,3,,para,b
GEN,10,4,,verse,v
GEN,10,4,And the sons of Javan:,para,m
GEN,10,4,,para,b
GEN,10,4,"Elishah, Tarshish, the Kittites, and the Rodanites.",para,pmo
GEN,10,4,,note,f
GEN,10,4,10:4,char,fr
GEN,10,4,SP and some MT manuscripts (see also LXX and 1 Chronicles 1:7); most MT manuscripts Dodanites,char,ft
GEN,10,4,,para,pmo
GEN,10,5,,verse,v
GEN,10,5,"From these, the maritime peoples separated into their territories, according to their languages, by clans within their nations.",para,pmo
GEN,10,5,The Hamites,para,s2
GEN,10,5,,para,b
GEN,10,6,,verse,v
GEN,10,6,The sons of Ham:,para,m
GEN,10,6,,para,b
GEN,10,6,"Cush, Mizraim, Put, and Canaan.",para,pmo
GEN,10,6,,para,b
GEN,10,7,,verse,v
GEN,10,7,The sons of Cush:,para,m
GEN,10,7,,para,b
GEN,10,7,"Seba, Havilah, Sabtah,",para,pmo
GEN,10,7,,note,f
GEN,10,7,10:7,char,fr
GEN,10,7,Sabtah is a variant of Sabta; see 1 Chronicles 1:9.,char,ft
GEN,10,7," Raamah, and Sabteca.",para,pmo
GEN,10,7,,para,b
GEN,10,7,And the sons of Raamah:,para,m
GEN,10,7,,para,b
GEN,10,7,Sheba and Dedan.,para,pmo
GEN,10,7,,para,b
GEN,10,8,,verse,v
GEN,10,8,"Cush was the father of Nimrod, who began to be a mighty one",para,m
GEN,10,8,,note,f
GEN,10,8,10:8,char,fr
GEN,10,8,Or who established himself as a mighty warrior or who became the first fearless leader,char,ft
GEN,10,8, on the earth.,para,m
GEN,10,9,,verse,v
GEN,10,9,He was a mighty hunter before,para,m
GEN,10,9,,note,f
GEN,10,9,10:9,char,fr
GEN,10,9,Or in defiance of; twice in this verse,char,ft
GEN,10,9," the LORD; so it is said, “Like Nimrod, a mighty hunter before the LORD.”",para,m
GEN,10,10,,verse,v
GEN,10,10,"His kingdom began in Babylon, Erech, Accad, and Calneh, in the land of Shinar.",para,m
GEN,10,10,,note,f
GEN,10,10,10:10,char,fr
GEN,10,10,"That is, Babylonia",char,ft
GEN,10,10,,para,m
GEN,10,11,,verse,v
GEN,10,11,"From that land he went forth into Assyria, where he built Nineveh, Rehoboth-Ir, Calah,",para,m
GEN,10,12,,verse,v
GEN,10,12,"and Resen, which is between Nineveh and the great city of Calah.",para,m
GEN,10,12,,para,b
GEN,10,13,,verse,v
GEN,10,13,"Mizraim was the father of the Ludites, the Anamites, the Lehabites, the Naphtuhites,",para,m
GEN,10,14,,verse,v
GEN,10,14,"the Pathrusites, the Casluhites (from whom the Philistines came), and the Caphtorites.",para,m
GEN,10,14,,note,f
GEN,10,14,10:14,char,fr
GEN,10,14,"Some translators adjust the Hebrew word order to the Casluhites, and the Caphtorites (from whom the Philistines came); see also Jeremiah 47:4 and Amos 9:7.",char,ft
GEN,10,14,,para,m
GEN,10,14,,para,b
GEN,10,15,,verse,v
GEN,10,15,"And Canaan was the father of Sidon his firstborn,",para,m
GEN,10,15,,note,f
GEN,10,15,10:15,char,fr
GEN,10,15,"Or of the Sidonians, the foremost",char,ft
GEN,10,15," and of the Hittites,",para,m
GEN,10,16,,verse,v
GEN,10,16,"the Jebusites, the Amorites, the Girgashites,",para,m
GEN,10,17,,verse,v
GEN,10,17,"the Hivites, the Arkites, the Sinites,",para,m
GEN,10,18,,verse,v
GEN,10,18,"the Arvadites, the Zemarites, and the Hamathites.",para,m
GEN,10,18,,para,b
GEN,10,18,"Later the Canaanite clans were scattered,",para,m
GEN,10,19,,verse,v
GEN,10,19,"and the borders of Canaan extended from Sidon toward Gerar as far as Gaza, and then toward Sodom, Gomorrah, Admah, and Zeboiim, as far as Lasha.",para,m
GEN,10,19,,para,b
GEN,10,20,,verse,v
GEN,10,20,"These are the sons of Ham according to their clans, languages, lands, and nations.",para,m
GEN,10,20,The Semites,para,s2
GEN,10,20,,para,b
GEN,10,21,,verse,v
GEN,10,21,"And sons were also born to Shem, the older brother of Japheth;",para,m
GEN,10,21,,note,f
GEN,10,21,10:21,char,fr
GEN,10,21,"Or Shem, whose older brother was Japheth",char,ft
GEN,10,21, Shem was the forefather of all the sons of Eber.,para,m
GEN,10,21,,para,b
GEN,10,22,,verse,v
GEN,10,22,The sons of Shem:,para,m
GEN,10,22,,para,b
GEN,10,22,"Elam, Asshur, Arphaxad, Lud, and Aram.",para,pmo
GEN,10,22,,para,b
GEN,10,23,,verse,v
GEN,10,23,The sons of Aram:,para,m
GEN,10,23,,para,b
GEN,10,23,"Uz, Hul, Gether, and Mash.",para,pmo
GEN,10,23,,note,f
GEN,10,23,10:23,char,fr
GEN,10,23,Hebrew; LXX and 1 Chronicles 1:17 Meshech,char,ft
GEN,10,23,,para,pmo
GEN,10,23,,para,b
GEN,10,24,,verse,v
GEN,10,24,"Arphaxad was the father of Shelah,",para,m
GEN,10,24,,note,f
GEN,10,24,10:24,char,fr
GEN,10,24,"Hebrew; LXX (see also Luke 3:35–36) And Arphaxad was the father of Cainan, and Cainan was the father of Shelah,",char,ft
GEN,10,24, and Shelah was the father of Eber.,para,m
GEN,10,24,,para,b
GEN,10,25,,verse,v
GEN,10,25,"Two sons were born to Eber: One was named Peleg,",para,m
GEN,10,25,,note,f
GEN,10,25,10:25,char,fr
GEN,10,25,Peleg means division.,char,ft
GEN,10,25," because in his days the earth was divided, and his brother was named Joktan.",para,m
GEN,10,25,,para,b
GEN,10,26,,verse,v
GEN,10,26,"And Joktan was the father of Almodad, Sheleph, Hazarmaveth, Jerah,",para,m
GEN,10,27,,verse,v
GEN,10,27,"Hadoram, Uzal, Diklah,",para,m
GEN,10,28,,verse,v
GEN,10,28,"Obal, Abimael, Sheba,",para,m
GEN,10,29,,verse,v
GEN,10,29,"Ophir, Havilah, and Jobab. All these were sons of Joktan.",para,m
GEN,10,30,,verse,v
GEN,10,30,"Their territory extended from Mesha to Sephar, in the eastern hill country.",para,m
GEN,10,30,,para,b
GEN,10,31,,verse,v
GEN,10,31,"These are the sons of Shem, according to their clans, languages, lands, and nations.",para,m
GEN,10,31,,para,b
GEN,10,32,,verse,v
GEN,10,32,"All these are the clans of Noah’s sons, according to their generations and nations. From these the nations of the earth spread out after the flood.",para,m
GEN,11,,,chapter,c
GEN,11,,The Tower of Babel,para,s1
GEN,11,,(Deuteronomy 32:8; Acts 2:1–13),para,r
GEN,11,1,,verse,v
GEN,11,1,Now the whole world had one language and a common form of speech.,para,m
GEN,11,2,,verse,v
GEN,11,2,"And as people journeyed eastward,",para,m
GEN,11,2,,note,f
GEN,11,2,11:2,char,fr
GEN,11,2,Or from the east or in the east,char,ft
GEN,11,2, they found a plain in the land of Shinar,para,m
GEN,11,2,,note,f
GEN,11,2,11:2,char,fr
GEN,11,2,"That is, Babylonia",char,ft
GEN,11,2, and settled there.,para,m
GEN,11,2,,para,b
GEN,11,3,,verse,v
GEN,11,3,"And they said to one another, “Come, let us make bricks and bake them thoroughly.” So they used brick instead of stone, and tar instead of mortar.",para,m
GEN,11,3,,para,b
GEN,11,4,,verse,v
GEN,11,4,"“Come,” they said, “let us build for ourselves a city with a tower that reaches to the heavens, that we may make a name for ourselves and not be scattered over the face of all the earth.”",para,m
GEN,11,4,,para,b
GEN,11,5,,verse,v
GEN,11,5,Then the LORD came down to see the city and the tower that the sons of men were building.,para,m
GEN,11,6,,verse,v
GEN,11,6,"And the LORD said, “If they have begun to do this as one people speaking the same language, then nothing they devise will be beyond them.",para,m
GEN,11,7,,verse,v
GEN,11,7,"Come, let Us go down and confuse their language, so that they will not understand one another’s speech.”",para,m
GEN,11,7,,para,b
GEN,11,8,,verse,v
GEN,11,8,"So the LORD scattered them from there over the face of all the earth, and they stopped building the city.",para,m
GEN,11,9,,verse,v
GEN,11,9,"That is why it is called Babel,",para,m
GEN,11,9,,note,f
GEN,11,9,11:9,char,fr
GEN,11,9,Or Babylon; the Hebrew word for Babel sounds like the Hebrew for confused.,char,ft
GEN,11,9," for there the LORD confused the language of the whole world, and from that place the LORD scattered them over the face of all the earth.",para,m
GEN,11,9,Genealogy from Shem to Abram,para,s1
GEN,11,9,(1 Chronicles 1:17–27),para,r
GEN,11,9,,para,b
GEN,11,10,,verse,v
GEN,11,10,"This is the account of Shem. Two years after the flood, when Shem was 100 years old, he became the father of Arphaxad.",para,m
GEN,11,11,,verse,v
GEN,11,11,"And after he had become the father of Arphaxad, Shem lived 500 years and had other sons and daughters.",para,m
GEN,11,11,,para,b
GEN,11,12,,verse,v
GEN,11,12,"When Arphaxad was 35 years old, he became the father of Shelah.",para,m
GEN,11,13,,verse,v
GEN,11,13,"And after he had become the father of Shelah, Arphaxad lived 403 years and had other sons and daughters.",para,m
GEN,11,13,,note,f
GEN,11,13,11:13,char,fr
GEN,11,13,"Hebrew; LXX (see also Luke 3:35–36) 12 When Arphaxad was 135 years old, he became the father of Cainan. 13 And after he had become the father of Cainan, Arphaxad lived 430 years and had other sons and daughters, and then he died. When Cainan had lived 130 years, he became the father of Shelah. And after he had become the father of Shelah, Cainan lived 330 years and had other sons and daughters. Note that LXX also adds 100 years to the ages of Shelah, Eber, Peleg, Reu, Serug, and Nahor in this genealogy.",char,ft
GEN,11,13,,para,m
GEN,11,13,,para,b
GEN,11,14,,verse,v
GEN,11,14,"When Shelah was 30 years old, he became the father of Eber.",para,m
GEN,11,15,,verse,v
GEN,11,15,"And after he had become the father of Eber, Shelah lived 403 years and had other sons and daughters.",para,m
GEN,11,15,,para,b
GEN,11,16,,verse,v
GEN,11,16,"When Eber was 34 years old, he became the father of Peleg.",para,m
GEN,11,17,,verse,v
GEN,11,17,"And after he had become the father of Peleg, Eber lived 430 years and had other sons and daughters.",para,m
GEN,11,17,,para,b
GEN,11,18,,verse,v
GEN,11,18,"When Peleg was 30 years old, he became the father of Reu.",para,m
GEN,11,19,,verse,v
GEN,11,19,"And after he had become the father of Reu, Peleg lived 209 years and had other sons and daughters.",para,m
GEN,11,19,,para,b
GEN,11,20,,verse,v
GEN,11,20,"When Reu was 32 years old, he became the father of Serug.",para,m
GEN,11,21,,verse,v
GEN,11,21,"And after he had become the father of Serug, Reu lived 207 years and had other sons and daughters.",para,m
GEN,11,21,,para,b
GEN,11,22,,verse,v
GEN,11,22,"When Serug was 30 years old, he became the father of Nahor.",para,m
GEN,11,23,,verse,v
GEN,11,23,"And after he had become the father of Nahor, Serug lived 200 years and had other sons and daughters.",para,m
GEN,11,23,,para,b
GEN,11,24,,verse,v
GEN,11,24,"When Nahor was 29 years old, he became the father of Terah.",para,m
GEN,11,25,,verse,v
GEN,11,25,"And after he had become the father of Terah, Nahor lived 119 years and had other sons and daughters.",para,m
GEN,11,25,,para,b
GEN,11,26,,verse,v
GEN,11,26,"When Terah was 70 years old, he became the father of Abram, Nahor, and Haran.",para,m
GEN,11,26,Terah’s Descendants,para,s1
GEN,11,26,,para,b
GEN,11,27,,verse,v
GEN,11,27,"This is the account of Terah. Terah became the father of Abram, Nahor, and Haran. And Haran became the father of Lot.",para,m
GEN,11,28,,verse,v
GEN,11,28,"During his father Terah’s lifetime, Haran died in his native land, in Ur of the Chaldeans.",para,m
GEN,11,28,,para,b
GEN,11,29,,verse,v
GEN,11,29,"And Abram and Nahor took wives for themselves. Abram’s wife was named Sarai, and Nahor’s wife was named Milcah; she was the daughter of Haran, who was the father of both Milcah and Iscah.",para,m
GEN,11,30,,verse,v
GEN,11,30,But Sarai was barren; she had no children.,para,m
GEN,11,30,,para,b
GEN,11,31,,verse,v
GEN,11,31,"And Terah took his son Abram, his grandson Lot son of Haran, and his daughter-in-law Sarai the wife of Abram, and they set out from Ur of the Chaldeans for the land of Canaan. But when they arrived in Haran, they settled there.",para,m
GEN,11,32,,verse,v
GEN,11,32,"Terah lived 205 years, and he died in Haran.",para,m
GEN,12,,,chapter,c
GEN,12,,The Call of Abram,para,s1
GEN,12,,(Genesis 26:1–5; Acts 7:1–8),para,r
GEN,12,1,,verse,v
GEN,12,1,"Then the LORD said to Abram, “Leave your country, your kindred, and your father’s household, and go to the land I will show you.",para,m
GEN,12,1,,note,f
GEN,12,1,12:1,char,fr
GEN,12,1,Cited in Acts 7:3,char,ft
GEN,12,1,,para,m
GEN,12,1,,para,b
GEN,12,2,,verse,v
GEN,12,2,"I will make you into a great nation,",para,q1
GEN,12,2,and I will bless you;,para,q2
GEN,12,2,"I will make your name great,",para,q1
GEN,12,2,so that you will be a blessing.,para,q2
GEN,12,3,,verse,v
GEN,12,3,I will bless those who bless you,para,q1
GEN,12,3,and curse those who curse you;,para,q2
GEN,12,3,and all the families of the earth,para,q1
GEN,12,3,will be blessed through you.,para,q2
GEN,12,3,,note,f
GEN,12,3,12:3,char,fr
GEN,12,3,See Galatians 3:8,char,ft
GEN,12,3,”,para,q2
GEN,12,3,,para,b
GEN,12,4,,verse,v
GEN,12,4,"So Abram departed, as the LORD had directed him, and Lot went with him. Abram was seventy-five years old when he left Haran.",para,m
GEN,12,5,,verse,v
GEN,12,5,"And Abram took his wife Sarai, his nephew Lot, and all the possessions and people they had acquired in Haran, and set out for the land of Canaan.",para,m
GEN,12,5,,para,b
GEN,12,5,"When they came to the land of Canaan,",para,m
GEN,12,6,,verse,v
GEN,12,6,Abram traveled through the land as far as the site of the Oak,para,m
GEN,12,6,,note,f
GEN,12,6,12:6,char,fr
GEN,12,6,Or Terebinth or Great Tree,char,ft
GEN,12,6, of Moreh at Shechem. And at that time the Canaanites were in the land.,para,m
GEN,12,6,,para,b
GEN,12,7,,verse,v
GEN,12,7,"Then the LORD appeared to Abram and said, “I will give this land to your offspring.",para,m
GEN,12,7,,note,f
GEN,12,7,12:7,char,fr
GEN,12,7,Cited in Galatians 3:16,char,ft
GEN,12,7,"” So Abram built an altar there to the LORD, who had appeared to him.",para,m
GEN,12,7,,para,b
GEN,12,8,,verse,v
GEN,12,8,"From there Abram moved on to the hill country east of Bethel and pitched his tent, with Bethel to the west and Ai to the east. There he built an altar to the LORD, and he called on the name of the LORD.",para,m
GEN,12,8,,para,b
GEN,12,9,,verse,v
GEN,12,9,And Abram journeyed on toward the Negev.,para,m
GEN,12,9,Abram and Sarai in Egypt,para,s1
GEN,12,9,,para,b
GEN,12,10,,verse,v
GEN,12,10,Now there was a famine in the land. So Abram went down to Egypt to live there for a while because the famine was severe.,para,m
GEN,12,11,,verse,v
GEN,12,11,"As he was about to enter Egypt, he said to his wife Sarai, “Look, I know that you are a beautiful woman,",para,m
GEN,12,12,,verse,v
GEN,12,12,"and when the Egyptians see you, they will say, ‘This is his wife.’ Then they will kill me but will let you live.",para,m
GEN,12,13,,verse,v
GEN,12,13,"Please say you are my sister, so that I will be treated well for your sake, and on account of you my life will be spared.”",para,m
GEN,12,13,,para,b
GEN,12,14,,verse,v
GEN,12,14,"So when Abram entered Egypt, the Egyptians saw that the woman was very beautiful.",para,m
GEN,12,15,,verse,v
GEN,12,15,"When Pharaoh’s officials saw Sarai, they commended her to him, and she was taken into the palace of Pharaoh.",para,m
GEN,12,16,,verse,v
GEN,12,16,"He treated Abram well on her account, and Abram acquired sheep and cattle, male and female donkeys, menservants and maidservants, and camels.",para,m
GEN,12,16,,para,b
GEN,12,17,,verse,v
GEN,12,17,"The LORD, however, afflicted Pharaoh and his household with severe plagues because of Abram’s wife Sarai.",para,m
GEN,12,18,,verse,v
GEN,12,18,"So Pharaoh summoned Abram and asked, “What have you done to me? Why didn’t you tell me she was your wife?",para,m
GEN,12,19,,verse,v
GEN,12,19,"Why did you say, ‘She is my sister,’ so that I took her as my wife? Now then, here is your wife. Take her and go!”",para,m
GEN,12,19,,para,b
GEN,12,20,,verse,v
GEN,12,20,"Then Pharaoh gave his men orders concerning Abram, and they sent him away with his wife and all his possessions.",para,m
GEN,13,,,chapter,c
GEN,13,,Abram and Lot Part Ways,para,s1
GEN,13,1,,verse,v
GEN,13,1,So Abram went up out of Egypt into the Negev—he and his wife and all his possessions—and Lot was with him.,para,m
GEN,13,2,,verse,v
GEN,13,2,And Abram had become extremely wealthy in livestock and silver and gold.,para,m
GEN,13,2,,para,b
GEN,13,3,,verse,v
GEN,13,3,"From the Negev he journeyed from place to place toward Bethel, until he came to the place between Bethel and Ai where his tent had formerly been pitched,",para,m
GEN,13,4,,verse,v
GEN,13,4,to the site where he had built the altar. And there Abram called on the name of the LORD.,para,m
GEN,13,4,,para,b
GEN,13,5,,verse,v
GEN,13,5,"Now Lot, who was traveling with Abram, also had flocks and herds and tents.",para,m
GEN,13,6,,verse,v
GEN,13,6,"But the land was unable to support both of them while they stayed together, for they had so many possessions that they were unable to coexist.",para,m
GEN,13,7,,verse,v
GEN,13,7,And there was discord between the herdsmen of Abram and the herdsmen of Lot. At that time the Canaanites and the Perizzites were also living in the land.,para,m
GEN,13,7,,para,b
GEN,13,8,,verse,v
GEN,13,8,"So Abram said to Lot, “Please let there be no contention between you and me, or between your herdsmen and my herdsmen. After all, we are kinsmen.",para,m
GEN,13,9,,verse,v
GEN,13,9,"Is not the whole land before you? Now separate yourself from me. If you go to the left, I will go to the right; if you go to the right, I will go to the left.”",para,m
GEN,13,9,Lot Proceeds toward Sodom,para,s1
GEN,13,9,,para,b
GEN,13,10,,verse,v
GEN,13,10,"And Lot looked out and saw that the whole plain of the Jordan, all the way to Zoar, was well watered like the garden of the LORD, like the land of Egypt. (This was before the LORD destroyed Sodom and Gomorrah.)",para,m
GEN,13,11,,verse,v
GEN,13,11,So Lot chose the whole plain of the Jordan for himself and set out toward the east. And Abram and Lot parted company.,para,m
GEN,13,11,,para,b
GEN,13,12,,verse,v
GEN,13,12,"Abram lived in the land of Canaan, but Lot settled in the cities of the plain and pitched his tent toward Sodom.",para,m
GEN,13,13,,verse,v
GEN,13,13,"But the men of Sodom were wicked, sinning greatly against the LORD.",para,m
GEN,13,13,God Renews the Promise to Abram,para,s1
GEN,13,13,,para,b
GEN,13,14,,verse,v
GEN,13,14,"After Lot had departed, the LORD said to Abram, “Now lift up your eyes from the place where you are, and look to the north and south and east and west,",para,m
GEN,13,15,,verse,v
GEN,13,15,"for all the land that you see, I will give to you and your offspring forever.",para,m
GEN,13,15,,note,f
GEN,13,15,13:15,char,fr
GEN,13,15,Cited in Galatians 3:16,char,ft
GEN,13,15,,para,m
GEN,13,15,,para,b
GEN,13,16,,verse,v
GEN,13,16,"I will make your offspring like the dust of the earth, so that if one could count the dust of the earth, then your offspring could be counted.",para,m
GEN,13,17,,verse,v
GEN,13,17,"Get up and walk around the land, through its length and breadth, for I will give it to you.”",para,m
GEN,13,17,,para,b
GEN,13,18,,verse,v
GEN,13,18,So Abram moved his tent and went to live near the Oaks,para,m
GEN,13,18,,note,f
GEN,13,18,13:18,char,fr
GEN,13,18,Or Terebinths or Great Trees,char,ft
GEN,13,18," of Mamre at Hebron, where he built an altar to the LORD.",para,m
GEN,14,,,chapter,c
GEN,14,,The War of the Kings,para,s1
GEN,14,1,,verse,v
GEN,14,1,"In those days Amraphel king of Shinar,",para,m
GEN,14,1,,note,f
GEN,14,1,14:1,char,fr
GEN,14,1,"That is, Babylonia; also in verse 9",char,ft
GEN,14,1," Arioch king of Ellasar, Chedorlaomer king of Elam, and Tidal king of Goiim",para,m
GEN,14,2,,verse,v
GEN,14,2,"went to war against Bera king of Sodom, Birsha king of Gomorrah, Shinab king of Admah, Shemeber king of Zeboiim, and the king of Bela (that is, Zoar).",para,m
GEN,14,2,,para,b
GEN,14,3,,verse,v
GEN,14,3,"The latter five came as allies to the Valley of Siddim (that is, the Salt Sea",para,m
GEN,14,3,,note,f
GEN,14,3,14:3,char,fr
GEN,14,3,"That is, the Dead Sea",char,ft
GEN,14,3,).,para,m
GEN,14,4,,verse,v
GEN,14,4,"For twelve years they had been subject to Chedorlaomer, but in the thirteenth year they rebelled.",para,m
GEN,14,4,,para,b
GEN,14,5,,verse,v
GEN,14,5,"In the fourteenth year, Chedorlaomer and the kings allied with him went out and defeated the Rephaites in Ashteroth-karnaim, the Zuzites in Ham, the Emites in Shaveh-kiriathaim,",para,m
GEN,14,6,,verse,v
GEN,14,6,"and the Horites in the area of Mount Seir, as far as El-paran, which is near the desert.",para,m
GEN,14,7,,verse,v
GEN,14,7,"Then they turned back to invade En-mishpat (that is, Kadesh), and they conquered the whole territory of the Amalekites, as well as the Amorites who lived in Hazazon-tamar.",para,m
GEN,14,7,,para,b
GEN,14,8,,verse,v
GEN,14,8,"Then the king of Sodom, the king of Gomorrah, the king of Admah, the king of Zeboiim, and the king of Bela (that is, Zoar) marched out and arrayed themselves for battle in the Valley of Siddim",para,m
GEN,14,8,,note,f
GEN,14,8,14:8,char,fr
GEN,14,8,"That is, the Valley of the Dead Sea",char,ft
GEN,14,8,,para,m
GEN,14,9,,verse,v
GEN,14,9,"against Chedorlaomer king of Elam, Tidal king of Goiim, Amraphel king of Shinar, and Arioch king of Ellasar—four kings against five.",para,m
GEN,14,9,Abram Rescues Lot,para,s1
GEN,14,9,,para,b
GEN,14,10,,verse,v
GEN,14,10,"Now the Valley of Siddim was full of tar pits, and as the kings of Sodom and Gomorrah fled, some men fell into the pits, but the survivors fled to the hill country.",para,m
GEN,14,10,,para,b
GEN,14,11,,verse,v
GEN,14,11,"The four kings seized all the goods of Sodom and Gomorrah and all their food, and they went on their way.",para,m
GEN,14,12,,verse,v
GEN,14,12,"They also carried off Abram’s nephew Lot and his possessions, since Lot was living in Sodom.",para,m
GEN,14,12,,para,b
GEN,14,13,,verse,v
GEN,14,13,Then an escapee came and reported this to Abram the Hebrew. Now Abram was living near the Oaks,para,m
GEN,14,13,,note,f
GEN,14,13,14:13,char,fr
GEN,14,13,Or Terebinths or Great Trees,char,ft
GEN,14,13," of Mamre the Amorite, a brother of Eshcol and Aner, all of whom were bound by treaty",para,m
GEN,14,13,,note,f
GEN,14,13,14:13,char,fr
GEN,14,13,Forms of the Hebrew berit are translated in most passages as covenant.,char,ft
GEN,14,13, to Abram.,para,m
GEN,14,14,,verse,v
GEN,14,14,"And when Abram heard that his relative had been captured, he mobilized the 318 trained men born in his household, and they set out in pursuit as far as Dan.",para,m
GEN,14,14,,para,b
GEN,14,15,,verse,v
GEN,14,15,"During the night, Abram divided his forces and routed Chedorlaomer’s army, pursuing them as far as Hobah, north of Damascus.",para,m
GEN,14,16,,verse,v
GEN,14,16,"He retrieved all the goods, as well as his relative Lot and his possessions, together with the women and the rest of the people.",para,m
GEN,14,16,Melchizedek Blesses Abram,para,s1
GEN,14,16,(Psalms 110:1–7; Hebrews 7:1–10),para,r
GEN,14,16,,para,b
GEN,14,17,,verse,v
GEN,14,17,"After Abram returned from defeating Chedorlaomer and the kings allied with him, the king of Sodom went out to meet him in the Valley of Shaveh (that is, the King’s Valley).",para,m
GEN,14,17,,para,b
GEN,14,18,,verse,v
GEN,14,18,Then Melchizedek king of Salem brought out bread and wine—since he was priest of God Most High,para,m
GEN,14,18,,note,f
GEN,14,18,14:18,char,fr
GEN,14,18,"Hebrew El-Elyon; also in verses 19, 20, and 22; cited in Hebrews 7:1",char,ft
GEN,14,18,—,para,m
GEN,14,19,,verse,v
GEN,14,19,and he blessed Abram and said:,para,m
GEN,14,19,,para,b
GEN,14,19,"“Blessed be Abram by God Most High,",para,q1
GEN,14,19,"Creator of heaven and earth,",para,q2
GEN,14,20,,verse,v
GEN,14,20,"and blessed be God Most High,",para,q1
GEN,14,20,who has delivered your enemies into your hand.”,para,q2
GEN,14,20,,para,b
GEN,14,20,Then Abram gave Melchizedek a tenth of everything.,para,m
GEN,14,20,,para,b
GEN,14,21,,verse,v
GEN,14,21,"The king of Sodom said to Abram, “Give me the people, but take the goods for yourself.”",para,m
GEN,14,21,,para,b
GEN,14,22,,verse,v
GEN,14,22,"But Abram replied to the king of Sodom, “I have raised my hand to the LORD God Most High, Creator of heaven and earth,",para,m
GEN,14,23,,verse,v
GEN,14,23,"that I will not accept even a thread, or a strap of a sandal, or anything that belongs to you, lest you should say, ‘I have made Abram rich.’",para,m
GEN,14,24,,verse,v
GEN,14,24,"I will accept nothing but what my men have eaten and the share for the men who went with me—Aner, Eshcol, and Mamre. They may take their portion.”",para,m
GEN,15,,,chapter,c
GEN,15,,God’s Covenant with Abram,para,s1
GEN,15,,(Romans 4:1–12; Hebrews 11:8–19),para,r
GEN,15,1,,verse,v
GEN,15,1,"After these events, the word of the LORD came to Abram in a vision:",para,m
GEN,15,1,,para,b
GEN,15,1,"“Do not be afraid, Abram.",para,q1
GEN,15,1,"I am your shield,",para,q2
GEN,15,1,your very great reward.”,para,q2
GEN,15,1,,para,b
GEN,15,2,,verse,v
GEN,15,2,"But Abram replied, “O Lord GOD, what can You give me, since I remain childless, and the heir of my house is Eliezer of Damascus?”",para,m
GEN,15,3,,verse,v
GEN,15,3,"Abram continued, “Behold, You have given me no offspring, so a servant in my household will be my heir.”",para,m
GEN,15,3,,para,b
GEN,15,4,,verse,v
GEN,15,4,"Then the word of the LORD came to Abram, saying, “This one will not be your heir, but one who comes from your own body will be your heir.”",para,m
GEN,15,5,,verse,v
GEN,15,5,"And the LORD took him outside and said, “Now look to the heavens and count the stars, if you are able.” Then He told him, “So shall your offspring be.”",para,m
GEN,15,5,,note,f
GEN,15,5,15:5,char,fr
GEN,15,5,Cited in Romans 4:18,char,ft
GEN,15,5,,para,m
GEN,15,5,,para,b
GEN,15,6,,verse,v
GEN,15,6,"Abram believed the LORD, and it was credited to him as righteousness.",para,m
GEN,15,6,,note,f
GEN,15,6,15:6,char,fr
GEN,15,6,"Cited in Romans 4:3, Romans 4:22, Galatians 3:6, and James 2:23",char,ft
GEN,15,6,,para,m
GEN,15,6,,para,b
GEN,15,7,,verse,v
GEN,15,7,"The LORD also told him, “I am the LORD, who brought you out of Ur of the Chaldeans to give you this land to possess.”",para,m
GEN,15,7,God Confirms His Promise,para,s1
GEN,15,7,(Numbers 34:1–15; Romans 4:13–25),para,r
GEN,15,7,,para,b
GEN,15,8,,verse,v
GEN,15,8,"But Abram replied, “Lord GOD, how can I know that I will possess it?”",para,m
GEN,15,8,,para,b
GEN,15,9,,verse,v
GEN,15,9,"And the LORD said to him, “Bring Me a heifer, a goat, and a ram, each three years old, along with a turtledove and a young pigeon.”",para,m
GEN,15,9,,para,b
GEN,15,10,,verse,v
GEN,15,10,"So Abram brought all these to Him, split each of them down the middle, and laid the halves opposite each other. The birds, however, he did not cut in half.",para,m
GEN,15,11,,verse,v
GEN,15,11,"And the birds of prey descended on the carcasses, but Abram drove them away.",para,m
GEN,15,12,,verse,v
GEN,15,12,"As the sun was setting, Abram fell into a deep sleep, and suddenly great terror and darkness overwhelmed him.",para,m
GEN,15,12,,para,b
GEN,15,13,,verse,v
GEN,15,13,"Then the LORD said to Abram, “Know for certain that your descendants will be strangers in a land that is not their own, and they will be enslaved and mistreated four hundred years.",para,m
GEN,15,14,,verse,v
GEN,15,14,"But I will judge the nation they serve as slaves, and afterward they will depart with many possessions.",para,m
GEN,15,14,,note,f
GEN,15,14,15:14,char,fr
GEN,15,14,Cited in Acts 7:6–7,char,ft
GEN,15,14,,para,m
GEN,15,15,,verse,v
GEN,15,15,"You, however, will go to your fathers in peace and be buried at a ripe old age.",para,m
GEN,15,16,,verse,v
GEN,15,16,"In the fourth generation your descendants will return here, for the iniquity of the Amorites is not yet complete.”",para,m
GEN,15,16,,para,b
GEN,15,17,,verse,v
GEN,15,17,"When the sun had set and darkness had fallen, behold, a smoking firepot and a flaming torch appeared and passed between the halves of the carcasses.",para,m
GEN,15,18,,verse,v
GEN,15,18,"On that day the LORD made a covenant with Abram, saying, “To your descendants I have given this land—from the river of Egypt to the great River Euphrates—",para,m
GEN,15,19,,verse,v
GEN,15,19,"the land of the Kenites, Kenizzites, Kadmonites,",para,m
GEN,15,20,,verse,v
GEN,15,20,"Hittites, Perizzites, Rephaites,",para,m
GEN,15,21,,verse,v
GEN,15,21,"Amorites, Canaanites, Girgashites, and Jebusites.”",para,m
GEN,16,,,chapter,c
GEN,16,,Hagar and Ishmael,para,s1
GEN,16,1,,verse,v
GEN,16,1,"Now Abram’s wife Sarai had borne him no children, but she had an Egyptian maidservant named Hagar.",para,m
GEN,16,2,,verse,v
GEN,16,2,"So Sarai said to Abram, “Look now, the LORD has prevented me from bearing children. Please go to my maidservant; perhaps I can build a family by her.”",para,m
GEN,16,2,,para,b
GEN,16,2,And Abram listened to the voice of Sarai.,para,m
GEN,16,3,,verse,v
GEN,16,3,"So after he had lived in Canaan for ten years, his wife Sarai took her Egyptian maidservant Hagar and gave her to Abram to be his wife.",para,m
GEN,16,4,,verse,v
GEN,16,4,"And he slept with Hagar, and she conceived. But when Hagar realized that she was pregnant, she began to despise her mistress.",para,m
GEN,16,4,,note,f
GEN,16,4,16:4,char,fr
GEN,16,4,Or her mistress became despised in her sight,char,ft
GEN,16,4,,para,m
GEN,16,4,,para,b
GEN,16,5,,verse,v
GEN,16,5,"Then Sarai said to Abram, “May the wrong done to me be upon you! I delivered my servant into your arms, and ever since she saw that she was pregnant, she has treated me with contempt. May the LORD judge between you and me.”",para,m
GEN,16,5,,para,b
GEN,16,6,,verse,v
GEN,16,6,"“Here,” said Abram, “your servant is in your hands. Do whatever you want with her.” Then Sarai treated Hagar so harshly that she fled from her.",para,m
GEN,16,6,,para,b
GEN,16,7,,verse,v
GEN,16,7,Now the angel,para,m
GEN,16,7,,note,f
GEN,16,7,16:7,char,fr
GEN,16,7,"Or Angel; also in verses 9, 10, and 11; corresponding pronouns may also be capitalized.",char,ft
GEN,16,7, of the LORD found Hagar by a spring of water in the desert—the spring along the road to Shur.,para,m
GEN,16,8,,verse,v
GEN,16,8,"“Hagar, servant of Sarai,” he said, “where have you come from, and where are you going?”",para,m
GEN,16,8,,para,b
GEN,16,8,"“I am running away from my mistress Sarai,” she replied.",para,m
GEN,16,8,,para,b
GEN,16,9,,verse,v
GEN,16,9,"So the angel of the LORD told her, “Return to your mistress and submit to her authority.”",para,m
GEN,16,10,,verse,v
GEN,16,10,"Then the angel added, “I will greatly multiply your offspring so that they will be too numerous to count.”",para,m
GEN,16,10,,para,b
GEN,16,11,,verse,v
GEN,16,11,The angel of the LORD proceeded:,para,m
GEN,16,11,,para,b
GEN,16,11,"“Behold, you have conceived and will bear a son.",para,q1
GEN,16,11,"And you shall name him Ishmael,",para,q2
GEN,16,11,,note,f
GEN,16,11,16:11,char,fr
GEN,16,11,Ishmael means God hears.,char,ft
GEN,16,11,,para,q2
GEN,16,11,for the LORD has heard your cry of affliction.,para,q2
GEN,16,12,,verse,v
GEN,16,12,"He will be a wild donkey of a man,",para,q1
GEN,16,12,"and his hand will be against everyone,",para,q2
GEN,16,12,and everyone’s hand against him;,para,q2
GEN,16,12,he will live in hostility,para,q1
GEN,16,12,toward all his brothers.”,para,q2
GEN,16,12,,para,b
GEN,16,13,,verse,v
GEN,16,13,"So Hagar gave this name to the LORD who had spoken to her: “You are the God who sees me,",para,m
GEN,16,13,,note,f
GEN,16,13,16:13,char,fr
GEN,16,13,Hebrew El-Roi,char,ft
GEN,16,13,"” for she said, “Here I have seen the One who sees me!”",para,m
GEN,16,14,,verse,v
GEN,16,14,Therefore the well was called Beer-lahai-roi.,para,m
GEN,16,14,,note,f
GEN,16,14,16:14,char,fr
GEN,16,14,Beer-lahai-roi means well of the Living One who sees me.,char,ft
GEN,16,14, It is located between Kadesh and Bered.,para,m
GEN,16,14,,para,b
GEN,16,15,,verse,v
GEN,16,15,"And Hagar bore Abram a son, and Abram gave the name Ishmael to the son she had borne.",para,m
GEN,16,16,,verse,v
GEN,16,16,Abram was eighty-six years old when Hagar bore Ishmael to him.,para,m
GEN,17,,,chapter,c
GEN,17,,Abraham to Father Many Nations,para,s1
GEN,17,1,,verse,v
GEN,17,1,"When Abram was ninety-nine years old, the LORD appeared to him and said, “I am God Almighty.",para,m
GEN,17,1,,note,f
GEN,17,1,17:1,char,fr
GEN,17,1,Hebrew El-Shaddai,char,ft
GEN,17,1, Walk before Me and be blameless.,para,m
GEN,17,2,,verse,v
GEN,17,2,"I will establish My covenant between Me and you, and I will multiply you exceedingly.”",para,m
GEN,17,2,,para,b
GEN,17,3,,verse,v
GEN,17,3,"Then Abram fell facedown, and God said to him,",para,m
GEN,17,4,,verse,v
GEN,17,4,"“As for Me, this is My covenant with you: You will be the father of many nations.",para,m
GEN,17,5,,verse,v
GEN,17,5,"No longer will you be called Abram,",para,m
GEN,17,5,,note,f
GEN,17,5,17:5,char,fr
GEN,17,5,Abram means exalted father.,char,ft
GEN,17,5," but your name will be Abraham,",para,m
GEN,17,5,,note,f
GEN,17,5,17:5,char,fr
GEN,17,5,Abraham means father of many.,char,ft
GEN,17,5, for I have made you a father of many nations.,para,m
GEN,17,5,,note,f
GEN,17,5,17:5,char,fr
GEN,17,5,Cited in Romans 4:17,char,ft
GEN,17,5,,para,m
GEN,17,5,,para,b
GEN,17,6,,verse,v
GEN,17,6,"I will make you exceedingly fruitful; I will make nations of you, and kings will descend from you.",para,m
GEN,17,6,,para,b
GEN,17,7,,verse,v
GEN,17,7,"I will establish My covenant as an everlasting covenant between Me and you and your descendants after you, to be your God and the God of your descendants after you.",para,m
GEN,17,7,,para,b
GEN,17,8,,verse,v
GEN,17,8,And to you and your descendants I will give the land where you are residing—all the land of Canaan—as an eternal possession; and I will be their God.”,para,m
GEN,17,8,The Covenant of Circumcision,para,s1
GEN,17,8,,para,b
GEN,17,9,,verse,v
GEN,17,9,"God also said to Abraham, “You must keep My covenant—you and your descendants in the generations after you.",para,m
GEN,17,10,,verse,v
GEN,17,10,"This is My covenant with you and your descendants after you, which you are to keep: Every male among you must be circumcised.",para,m
GEN,17,11,,verse,v
GEN,17,11,"You are to circumcise the flesh of your foreskin, and this will be a sign of the covenant between Me and you.",para,m
GEN,17,11,,para,b
GEN,17,12,,verse,v
GEN,17,12,"Generation after generation, every male must be circumcised when he is eight days old, including those born in your household and those purchased from a foreigner—even those who are not your offspring.",para,m
GEN,17,13,,verse,v
GEN,17,13,"Whether they are born in your household or purchased, they must be circumcised. My covenant in your flesh will be an everlasting covenant.",para,m
GEN,17,13,,para,b
GEN,17,14,,verse,v
GEN,17,14,"But if any male is not circumcised, he will be cut off from his people; he has broken My covenant.”",para,m
GEN,17,14,,para,b
GEN,17,15,,verse,v
GEN,17,15,"Then God said to Abraham, “As for Sarai your wife, do not call her Sarai, for her name is to be Sarah.",para,m
GEN,17,15,,note,f
GEN,17,15,17:15,char,fr
GEN,17,15,Both Sarai and Sarah mean princess; the change in spelling may reflect the difference in dialect between Ur and Canaan.,char,ft
GEN,17,15,,para,m
GEN,17,16,,verse,v
GEN,17,16,"And I will bless her and will surely give you a son by her. I will bless her, and she will be the mother of nations; kings of peoples will descend from her.”",para,m
GEN,17,16,,para,b
GEN,17,17,,verse,v
GEN,17,17,"Abraham fell facedown. Then he laughed and said to himself, “Can a child be born to a man who is a hundred years old? Can Sarah give birth at the age of ninety?”",para,m
GEN,17,18,,verse,v
GEN,17,18,"And Abraham said to God, “O that Ishmael might live under Your blessing!”",para,m
GEN,17,18,,para,b
GEN,17,19,,verse,v
GEN,17,19,"But God replied, “Your wife Sarah will indeed bear you a son, and you are to name him Isaac.",para,m
GEN,17,19,,note,f
GEN,17,19,17:19,char,fr
GEN,17,19,Isaac means he laughs.,char,ft
GEN,17,19, I will establish My covenant with him as an everlasting covenant for his descendants after him.,para,m
GEN,17,20,,verse,v
GEN,17,20,"As for Ishmael, I have heard you, and I will surely bless him; I will make him fruitful and multiply him greatly. He will become the father of twelve rulers, and I will make him into a great nation.",para,m
GEN,17,21,,verse,v
GEN,17,21,"But I will establish My covenant with Isaac, whom Sarah will bear to you at this time next year.”",para,m
GEN,17,21,,para,b
GEN,17,22,,verse,v
GEN,17,22,"When He had finished speaking with Abraham, God went up from him.",para,m
GEN,17,22,,para,b
GEN,17,23,,verse,v
GEN,17,23,"On that very day Abraham took his son Ishmael and all those born in his household or purchased with his money—every male among the members of Abraham’s household—and he circumcised them, just as God had told him.",para,m
GEN,17,23,,para,b
GEN,17,24,,verse,v
GEN,17,24,"So Abraham was ninety-nine years old when he was circumcised,",para,m
GEN,17,25,,verse,v
GEN,17,25,and his son Ishmael was thirteen;,para,m
GEN,17,26,,verse,v
GEN,17,26,Abraham and his son Ishmael were circumcised on the same day.,para,m
GEN,17,27,,verse,v
GEN,17,27,And all the men of Abraham’s household—both servants born in his household and those purchased from foreigners—were circumcised with him.,para,m
GEN,18,,,chapter,c
GEN,18,,The Three Visitors,para,s1
GEN,18,1,,verse,v
GEN,18,1,Then the LORD appeared to Abraham by the Oaks,para,m
GEN,18,1,,note,f
GEN,18,1,18:1,char,fr
GEN,18,1,Or Terebinths or Great Trees,char,ft
GEN,18,1," of Mamre in the heat of the day, while he was sitting at the entrance of his tent.",para,m
GEN,18,2,,verse,v
GEN,18,2,"And Abraham looked up and saw three men standing nearby. When he saw them, he ran from the entrance of his tent to meet them and bowed low to the ground.",para,m
GEN,18,2,,para,b
GEN,18,3,,verse,v
GEN,18,3,"“My lord,” said Abraham, “if I have found favor in your sight, please do not pass your servant by.",para,m
GEN,18,4,,verse,v
GEN,18,4,"Let a little water be brought, that you may wash your feet and rest yourselves under the tree.",para,m
GEN,18,5,,verse,v
GEN,18,5,"And I will bring a bit of bread so that you may refresh yourselves. This is why you have passed your servant’s way. After that, you may continue on your way.”",para,m
GEN,18,5,,para,b
GEN,18,5,"“Yes,” they replied, “you may do as you have said.”",para,m
GEN,18,5,,para,b
GEN,18,6,,verse,v
GEN,18,6,"So Abraham hurried into the tent and said to Sarah, “Quick! Prepare three seahs of fine flour,",para,m
GEN,18,6,,note,f
GEN,18,6,18:6,char,fr
GEN,18,6,3 seahs is approximately 19.8 dry quarts or 21.9 liters (probably about 24.5 pounds or 11.1 kilograms of flour).,char,ft
GEN,18,6," knead it, and bake some bread.”",para,m
GEN,18,6,,para,b
GEN,18,7,,verse,v
GEN,18,7,"Meanwhile, Abraham ran to the herd, selected a tender and choice calf, and gave it to a servant, who hurried to prepare it.",para,m
GEN,18,8,,verse,v
GEN,18,8,"Then Abraham brought curds and milk and the calf that had been prepared, and he set them before the men and stood by them under the tree as they ate.",para,m
GEN,18,8,Sarah Laughs at the Promise,para,s1
GEN,18,8,,para,b
GEN,18,9,,verse,v
GEN,18,9,“Where is your wife Sarah?” they asked.,para,m
GEN,18,9,,para,b
GEN,18,9,"“There, in the tent,” he replied.",para,m
GEN,18,9,,para,b
GEN,18,10,,verse,v
GEN,18,10,"Then the LORD said, “I will surely return to you at this time next year, and your wife Sarah will have a son!”",para,m
GEN,18,10,,para,b
GEN,18,10,"Now Sarah was behind him, listening at the entrance to the tent.",para,m
GEN,18,11,,verse,v
GEN,18,11,And Abraham and Sarah were already old and well along in years; Sarah had passed the age of childbearing.,para,m
GEN,18,12,,verse,v
GEN,18,12,"So she laughed to herself, saying, “After I am worn out and my master is old, will I now have this pleasure?”",para,m
GEN,18,12,,para,b
GEN,18,13,,verse,v
GEN,18,13,"And the LORD asked Abraham, “Why did Sarah laugh and say, ‘Can I really bear a child when I am old?’",para,m
GEN,18,14,,verse,v
GEN,18,14,Is anything too difficult for the LORD? At the appointed time I will return to you—in about a year—and Sarah will have a son.”,para,m
GEN,18,14,,note,f
GEN,18,14,18:14,char,fr
GEN,18,14,Cited in Romans 9:9,char,ft
GEN,18,14,,para,m
GEN,18,14,,para,b
GEN,18,15,,verse,v
GEN,18,15,"But Sarah was afraid, so she denied it and said, “I did not laugh.”",para,m
GEN,18,15,,para,b
GEN,18,15,"“No,” replied the LORD, “but you did laugh.”",para,m
GEN,18,15,Abraham Intercedes for Sodom,para,s1
GEN,18,15,,para,b
GEN,18,16,,verse,v
GEN,18,16,"When the men got up to leave, they looked out over Sodom, and Abraham walked along with them to see them off.",para,m
GEN,18,16,,para,b
GEN,18,17,,verse,v
GEN,18,17,"And the LORD said, “Shall I hide from Abraham what I am about to do?",para,m
GEN,18,18,,verse,v
GEN,18,18,"Abraham will surely become a great and powerful nation, and through him all the nations of the earth will be blessed.",para,m
GEN,18,19,,verse,v
GEN,18,19,"For I have chosen him, so that he will command his children and his household after him to keep the way of the LORD by doing what is right and just, in order that the LORD may bring upon Abraham what He has promised.”",para,m
GEN,18,19,,para,b
GEN,18,20,,verse,v
GEN,18,20,"Then the LORD said, “The outcry against Sodom and Gomorrah is great. Because their sin is so grievous,",para,m
GEN,18,21,,verse,v
GEN,18,21,"I will go down to see if their actions fully justify the outcry that has reached Me. If not, I will find out.”",para,m
GEN,18,21,,para,b
GEN,18,22,,verse,v
GEN,18,22,"And the two men turned away and went toward Sodom, but Abraham remained standing before the LORD.",para,m
GEN,18,22,,para,b
GEN,18,23,,verse,v
GEN,18,23,"Abraham stepped forward and said, “Will You really sweep away the righteous with the wicked?",para,m
GEN,18,24,,verse,v
GEN,18,24,What if there are fifty righteous ones in the city? Will You really sweep it away and not spare the place for the sake of the fifty righteous ones who are there?,para,m
GEN,18,25,,verse,v
GEN,18,25,"Far be it from You to do such a thing—to kill the righteous with the wicked, so that the righteous and the wicked are treated alike. Far be it from You! Will not the Judge of all the earth do what is right?”",para,m
GEN,18,25,,para,b
GEN,18,26,,verse,v
GEN,18,26,"So the LORD replied, “If I find fifty righteous ones within the city of Sodom, on their account I will spare the whole place.”",para,m
GEN,18,26,,para,b
GEN,18,27,,verse,v
GEN,18,27,"Then Abraham answered, “Now that I have ventured to speak to the Lord—though I am but dust and ashes—",para,m
GEN,18,28,,verse,v
GEN,18,28,suppose the fifty righteous ones lack five. Will You destroy the whole city for the lack of five?”,para,m
GEN,18,28,,para,b
GEN,18,28,"He replied, “If I find forty-five there, I will not destroy it.”",para,m
GEN,18,28,,para,b
GEN,18,29,,verse,v
GEN,18,29,"Once again Abraham spoke to the LORD, “Suppose forty are found there?”",para,m
GEN,18,29,,para,b
GEN,18,29,"He answered, “On account of the forty, I will not do it.”",para,m
GEN,18,29,,para,b
GEN,18,30,,verse,v
GEN,18,30,"Then Abraham said, “May the Lord not be angry, but let me speak further. Suppose thirty are found there?”",para,m
GEN,18,30,,para,b
GEN,18,30,"He replied, “If I find thirty there, I will not do it.”",para,m
GEN,18,30,,para,b
GEN,18,31,,verse,v
GEN,18,31,"And Abraham said, “Now that I have ventured to speak to the Lord, suppose twenty are found there?”",para,m
GEN,18,31,,para,b
GEN,18,31,"He answered, “On account of the twenty, I will not destroy it.”",para,m
GEN,18,31,,para,b
GEN,18,32,,verse,v
GEN,18,32,"Finally, Abraham said, “May the Lord not be angry, but let me speak once more. Suppose ten are found there?”",para,m
GEN,18,32,,para,b
GEN,18,32,"And He answered, “On account of the ten, I will not destroy it.”",para,m
GEN,18,32,,para,b
GEN,18,33,,verse,v
GEN,18,33,"When the LORD had finished speaking with Abraham, He departed, and Abraham returned home.",para,m
GEN,19,,,chapter,c
GEN,19,,Lot Welcomes the Angels,para,s1
GEN,19,,(Judges 19:1–30),para,r
GEN,19,1,,verse,v
GEN,19,1,"Now the two angels arrived at Sodom in the evening, and Lot was sitting in the gateway of the city. When Lot saw them, he got up to meet them, bowed facedown,",para,m
GEN,19,2,,verse,v
GEN,19,2,"and said, “My lords, please turn aside into the house of your servant; wash your feet and spend the night. Then you can rise early and go on your way.”",para,m
GEN,19,2,,para,b
GEN,19,2,"“No,” they answered, “we will spend the night in the square.”",para,m
GEN,19,2,,para,b
GEN,19,3,,verse,v
GEN,19,3,"But Lot insisted so strongly that they followed him into his house. He prepared a feast for them and baked unleavened bread, and they ate.",para,m
GEN,19,3,,para,b
GEN,19,4,,verse,v
GEN,19,4,"Before they had gone to bed, all the men of the city of Sodom, both young and old, surrounded the house.",para,m
GEN,19,5,,verse,v
GEN,19,5,"They called out to Lot, saying, “Where are the men who came to you tonight? Send them out to us so we can have relations with them!”",para,m
GEN,19,5,,para,b
GEN,19,6,,verse,v
GEN,19,6,"Lot went outside to meet them, shutting the door behind him.",para,m
GEN,19,7,,verse,v
GEN,19,7,"“Please, my brothers,” he pleaded, “don’t do such a wicked thing!",para,m
GEN,19,8,,verse,v
GEN,19,8,"Look, I have two daughters who have never slept with a man. Let me bring them to you, and you can do to them as you please. But do not do anything to these men, for they have come under the protection of my roof.”",para,m
GEN,19,8,,para,b
GEN,19,9,,verse,v
GEN,19,9,"“Get out of the way!” they replied. And they declared, “This one came here as a foreigner, and he is already acting like a judge! Now we will treat you worse than them.” And they pressed in on Lot and moved in to break down the door.",para,m
GEN,19,9,,para,b
GEN,19,10,,verse,v
GEN,19,10,"But the men inside reached out, pulled Lot into the house with them, and shut the door.",para,m
GEN,19,11,,verse,v
GEN,19,11,"And they struck the men at the entrance, young and old, with blindness, so that they wearied themselves trying to find the door.",para,m
GEN,19,11,Lot Flees to Zoar,para,s1
GEN,19,11,,para,b
GEN,19,12,,verse,v
GEN,19,12,"Then the two men said to Lot, “Do you have anyone else here—a son-in-law, your sons or daughters, or anyone else in the city who belongs to you? Get them out of here,",para,m
GEN,19,13,,verse,v
GEN,19,13,because we are about to destroy this place. For the outcry to the LORD against its people is so great that He has sent us to destroy it.”,para,m
GEN,19,13,,para,b
GEN,19,14,,verse,v
GEN,19,14,"So Lot went out and spoke to the sons-in-law who were pledged in marriage to his daughters. “Get up,” he said. “Get out of this place, for the LORD is about to destroy the city!” But his sons-in-law thought he was joking.",para,m
GEN,19,14,,para,b
GEN,19,15,,verse,v
GEN,19,15,"At daybreak the angels hurried Lot along, saying, “Get up! Take your wife and your two daughters who are here, or you will be swept away in the punishment of the city.”",para,m
GEN,19,16,,verse,v
GEN,19,16,"But when Lot hesitated, the men grabbed his hand and the hands of his wife and his two daughters. And they led them safely out of the city, because of the LORD’s compassion for them.",para,m
GEN,19,16,,para,b
GEN,19,17,,verse,v
GEN,19,17,"As soon as the men had brought them out, one of them said, “Run for your lives! Do not look back, and do not stop anywhere on the plain! Flee to the mountains, or you will be swept away!”",para,m
GEN,19,17,,para,b
GEN,19,18,,verse,v
GEN,19,18,"But Lot replied, “No, my lords, please!",para,m
GEN,19,19,,verse,v
GEN,19,19,"Your servant has indeed found favor in your sight, and you have shown me great kindness by sparing my life. But I cannot run to the mountains; the disaster will overtake me, and I will die.",para,m
GEN,19,20,,verse,v
GEN,19,20,"Look, there is a town nearby where I can flee, and it is a small place. Please let me flee there—is it not a small place? Then my life will be saved.”",para,m
GEN,19,20,,para,b
GEN,19,21,,verse,v
GEN,19,21,"“Very well,” he answered, “I will grant this request as well, and will not demolish the town you indicate.",para,m
GEN,19,22,,verse,v
GEN,19,22,"Hurry! Run there quickly, for I cannot do anything until you reach it.” That is why the town was called Zoar.",para,m
GEN,19,22,,note,f
GEN,19,22,19:22,char,fr
GEN,19,22,Zoar means small.,char,ft
GEN,19,22,,para,m
GEN,19,22,,para,b
GEN,19,23,,verse,v
GEN,19,23,"And by the time the sun had risen over the land, Lot had reached Zoar.",para,m
GEN,19,23,The Destruction of Sodom and Gomorrah,para,s1
GEN,19,23,(Luke 17:20–37),para,r
GEN,19,23,,para,b
GEN,19,24,,verse,v
GEN,19,24,Then the LORD rained down sulfur and fire on Sodom and Gomorrah—from the LORD out of the heavens.,para,m
GEN,19,25,,verse,v
GEN,19,25,"Thus He destroyed these cities and the entire plain, including all the inhabitants of the cities and everything that grew on the ground.",para,m
GEN,19,25,,para,b
GEN,19,26,,verse,v
GEN,19,26,"But Lot’s wife looked back, and she became a pillar of salt.",para,m
GEN,19,26,,para,b
GEN,19,27,,verse,v
GEN,19,27,"Early the next morning, Abraham got up and returned to the place where he had stood before the LORD.",para,m
GEN,19,28,,verse,v
GEN,19,28,"He looked down toward Sodom and Gomorrah and all the land of the plain, and he saw the smoke rising from the land like smoke from a furnace.",para,m
GEN,19,28,,para,b
GEN,19,29,,verse,v
GEN,19,29,"So when God destroyed the cities of the plain, He remembered Abraham, and He brought Lot out of the catastrophe that destroyed the cities where he had lived.",para,m
GEN,19,29,Lot and His Daughters,para,s1
GEN,19,29,,para,b
GEN,19,30,,verse,v
GEN,19,30,Lot and his two daughters left Zoar and settled in the mountains—for he was afraid to stay in Zoar—where they lived in a cave.,para,m
GEN,19,30,,para,b
GEN,19,31,,verse,v
GEN,19,31,"One day the older daughter said to the younger, “Our father is old, and there is no man in the land to sleep with us, as is the custom over all the earth.",para,m
GEN,19,32,,verse,v
GEN,19,32,"Come, let us get our father drunk with wine so we can sleep with him and preserve his line.”",para,m
GEN,19,32,,para,b
GEN,19,33,,verse,v
GEN,19,33,"So that night they got their father drunk with wine, and the firstborn went in and slept with her father; he was not aware when she lay down or when she got up.",para,m
GEN,19,33,,para,b
GEN,19,34,,verse,v
GEN,19,34,"The next day the older daughter said to the younger, “Look, I slept with my father last night. Let us get him drunk with wine again tonight so you can go in and sleep with him and we can preserve our father’s line.”",para,m
GEN,19,34,,para,b
GEN,19,35,,verse,v
GEN,19,35,"So again that night they got their father drunk with wine, and the younger daughter went in and slept with him; he was not aware when she lay down or when she got up.",para,m
GEN,19,35,,para,b
GEN,19,36,,verse,v
GEN,19,36,Thus both of Lot’s daughters became pregnant by their father.,para,m
GEN,19,37,,verse,v
GEN,19,37,The older daughter gave birth to a son and named him Moab.,para,m
GEN,19,37,,note,f
GEN,19,37,19:37,char,fr
GEN,19,37,Moab sounds like the Hebrew for from my father.,char,ft
GEN,19,37, He is the father of the Moabites of today.,para,m
GEN,19,38,,verse,v
GEN,19,38,"The younger daughter also gave birth to a son, and she named him Ben-ammi.",para,m
GEN,19,38,,note,f
GEN,19,38,19:38,char,fr
GEN,19,38,Ben-ammi means son of my people.,char,ft
GEN,19,38, He is the father of the Ammonites of today.,para,m
GEN,20,,,chapter,c
GEN,20,,"Abraham, Sarah, and Abimelech",para,s1
GEN,20,1,,verse,v
GEN,20,1,"Now Abraham journeyed from there to the region of the Negev and settled between Kadesh and Shur. While he was staying in Gerar,",para,m
GEN,20,2,,verse,v
GEN,20,2,"Abraham said of his wife Sarah, “She is my sister.” So Abimelech king of Gerar had Sarah brought to him.",para,m
GEN,20,2,,para,b
GEN,20,3,,verse,v
GEN,20,3,"One night, however, God came to Abimelech in a dream and told him, “You are as good as dead because of the woman you have taken, for she is a married woman.”",para,m
GEN,20,3,,para,b
GEN,20,4,,verse,v
GEN,20,4,"Now Abimelech had not gone near her, so he replied, “Lord, would You destroy a nation even though it is innocent?",para,m
GEN,20,5,,verse,v
GEN,20,5,"Didn’t Abraham tell me, ‘She is my sister’? And she herself said, ‘He is my brother.’ I have done this in the integrity of my heart and the innocence of my hands.”",para,m
GEN,20,5,,para,b
GEN,20,6,,verse,v
GEN,20,6,"Then God said to Abimelech in the dream, “Yes, I know that you did this with a clear conscience, and so I have kept you from sinning against Me. That is why I did not let you touch her.",para,m
GEN,20,7,,verse,v
GEN,20,7,"Now return the man’s wife, for he is a prophet; he will pray for you and you will live. But if you do not restore her, be aware that you will surely die—you and all who belong to you.”",para,m
GEN,20,7,,para,b
GEN,20,8,,verse,v
GEN,20,8,"Early the next morning Abimelech got up and summoned all his servants; and when he described to them all that had happened, the men were terrified.",para,m
GEN,20,8,,para,b
GEN,20,9,,verse,v
GEN,20,9,"Then Abimelech called Abraham and asked, “What have you done to us? How have I sinned against you, that you have brought such tremendous guilt upon me and my kingdom? You have done things to me that should not be done.”",para,m
GEN,20,10,,verse,v
GEN,20,10,"Abimelech also asked Abraham, “What prompted you to do such a thing?”",para,m
GEN,20,10,,para,b
GEN,20,11,,verse,v
GEN,20,11,"Abraham replied, “I thought to myself, ‘Surely there is no fear of God in this place. They will kill me on account of my wife.’",para,m
GEN,20,12,,verse,v
GEN,20,12,"Besides, she really is my sister, the daughter of my father—though not the daughter of my mother—and she became my wife.",para,m
GEN,20,13,,verse,v
GEN,20,13,"So when God had me journey from my father’s house, I said to Sarah, ‘This is how you can show your loyalty to me: Wherever we go, say of me, “He is my brother.”’”",para,m
GEN,20,13,,para,b
GEN,20,14,,verse,v
GEN,20,14,"So Abimelech brought sheep and cattle, menservants and maidservants, and he gave them to Abraham and restored his wife Sarah to him.",para,m
GEN,20,15,,verse,v
GEN,20,15,"And Abimelech said, “Look, my land is before you. Settle wherever you please.”",para,m
GEN,20,16,,verse,v
GEN,20,16,"And he said to Sarah, “See, I am giving your brother a thousand pieces of silver.",para,m
GEN,20,16,,note,f
GEN,20,16,20:16,char,fr
GEN,20,16,"Or a thousand shekels of silver; that is, approximately 25.1 pounds or 11.4 kilograms of silver",char,ft
GEN,20,16, It is your vindication before all who are with you; you are completely cleared.”,para,m
GEN,20,16,,para,b
GEN,20,17,,verse,v
GEN,20,17,"Then Abraham prayed to God, and God healed Abimelech and his wife and his maidservants, so that they could again bear children—",para,m
GEN,20,18,,verse,v
GEN,20,18,"for on account of Abraham’s wife Sarah, the LORD had completely closed all the wombs in Abimelech’s household.",para,m
GEN,21,,,chapter,c
GEN,21,,The Birth of Isaac,para,s1
GEN,21,1,,verse,v
GEN,21,1,"Now the LORD attended to Sarah as He had said, and the LORD did for Sarah what He had promised.",para,m
GEN,21,2,,verse,v
GEN,21,2,"So Sarah conceived and bore a son to Abraham in his old age, at the very time God had promised.",para,m
GEN,21,2,,para,b
GEN,21,3,,verse,v
GEN,21,3,And Abraham gave the name Isaac,para,m
GEN,21,3,,note,f
GEN,21,3,21:3,char,fr
GEN,21,3,Isaac means he laughs.,char,ft
GEN,21,3, to the son Sarah bore to him.,para,m
GEN,21,4,,verse,v
GEN,21,4,"When his son Isaac was eight days old, Abraham circumcised him, as God had commanded him.",para,m
GEN,21,5,,verse,v
GEN,21,5,Abraham was a hundred years old when his son Isaac was born to him.,para,m
GEN,21,5,,para,b
GEN,21,6,,verse,v
GEN,21,6,"Then Sarah said, “God has made me laugh, and everyone who hears of this will laugh with me.”",para,m
GEN,21,7,,verse,v
GEN,21,7,"She added, “Who would have told Abraham that Sarah would nurse children? Yet I have borne him a son in his old age.”",para,m
GEN,21,7,,para,b
GEN,21,8,,verse,v
GEN,21,8,"So the child grew and was weaned, and Abraham held a great feast on the day Isaac was weaned.",para,m
GEN,21,8,Sarah Turns against Hagar,para,s1
GEN,21,8,(Galatians 4:21–30),para,r
GEN,21,8,,para,b
GEN,21,9,,verse,v
GEN,21,9,"But Sarah saw that the son whom Hagar the Egyptian had borne to Abraham was mocking her son,",para,m
GEN,21,9,,note,f
GEN,21,9,21:9,char,fr
GEN,21,9,LXX and Vulgate; Hebrew lacks her son,char,ft
GEN,21,9,,para,m
GEN,21,10,,verse,v
GEN,21,10,"and she said to Abraham, “Expel the slave woman and her son, for the slave woman’s son will never share in the inheritance with my son Isaac!”",para,m
GEN,21,10,,note,f
GEN,21,10,21:10,char,fr
GEN,21,10,Cited in Galatians 4:30,char,ft
GEN,21,10,,para,m
GEN,21,10,,para,b
GEN,21,11,,verse,v
GEN,21,11,Now this matter distressed Abraham greatly because it concerned his son Ishmael.,para,m
GEN,21,12,,verse,v
GEN,21,12,"But God said to Abraham, “Do not be distressed about the boy and your maidservant. Listen to everything that Sarah tells you, for through Isaac your offspring will be reckoned.",para,m
GEN,21,12,,note,f
GEN,21,12,21:12,char,fr
GEN,21,12,Cited in Romans 9:7 and Hebrews 11:18,char,ft
GEN,21,12,,para,m
GEN,21,13,,verse,v
GEN,21,13,"But I will also make a nation of the slave woman’s son, because he is your offspring.”",para,m
GEN,21,13,,para,b
GEN,21,14,,verse,v
GEN,21,14,"Early in the morning, Abraham got up, took bread and a skin of water, put them on Hagar’s shoulders, and sent her away with the boy. She left and wandered in the Wilderness of Beersheba.",para,m
GEN,21,15,,verse,v
GEN,21,15,"When the water in the skin was gone, she left the boy under one of the bushes.",para,m
GEN,21,16,,verse,v
GEN,21,16,"Then she went off and sat down nearby, about a bowshot away, for she said, “I cannot bear to watch the boy die!” And as she sat nearby, she lifted up her voice and wept.",para,m
GEN,21,16,,note,f
GEN,21,16,21:16,char,fr
GEN,21,16,Hebrew; LXX the child lifted up his voice and wept,char,ft
GEN,21,16,,para,m
GEN,21,16,,para,b
GEN,21,17,,verse,v
GEN,21,17,"Then God heard the voice of the boy, and the angel of God called to Hagar from heaven, “What is wrong, Hagar? Do not be afraid, for God has heard the voice of the boy where he lies.",para,m
GEN,21,18,,verse,v
GEN,21,18,"Get up, lift up the boy, and take him by the hand, for I will make him into a great nation.”",para,m
GEN,21,19,,verse,v
GEN,21,19,"Then God opened her eyes, and she saw a well of water. So she went and filled the skin with water and gave the boy a drink.",para,m
GEN,21,19,,para,b
GEN,21,20,,verse,v
GEN,21,20,"And God was with the boy, and he grew up and settled in the wilderness and became a great archer.",para,m
GEN,21,21,,verse,v
GEN,21,21,"And while he was dwelling in the Wilderness of Paran, his mother got a wife for him from the land of Egypt.",para,m
GEN,21,21,The Covenant at Beersheba,para,s1
GEN,21,21,,para,b
GEN,21,22,,verse,v
GEN,21,22,"At that time Abimelech and Phicol the commander of his army said to Abraham, “God is with you in all that you do.",para,m
GEN,21,23,,verse,v
GEN,21,23,"Now, therefore, swear to me here before God that you will not deal falsely with me or my children or descendants. Show to me and to the country in which you reside the same kindness that I have shown to you.”",para,m
GEN,21,23,,para,b
GEN,21,24,,verse,v
GEN,21,24,"And Abraham replied, “I swear it.”",para,m
GEN,21,24,,para,b
GEN,21,25,,verse,v
GEN,21,25,"But when Abraham complained to Abimelech about a well that Abimelech’s servants had seized,",para,m
GEN,21,26,,verse,v
GEN,21,26,"Abimelech replied, “I do not know who has done this. You did not tell me, so I have not heard about it until today.”",para,m
GEN,21,26,,para,b
GEN,21,27,,verse,v
GEN,21,27,"So Abraham brought sheep and cattle and gave them to Abimelech, and the two men made a covenant.",para,m
GEN,21,28,,verse,v
GEN,21,28,"Abraham separated seven ewe lambs from the flock,",para,m
GEN,21,29,,verse,v
GEN,21,29,"and Abimelech asked him, “Why have you set apart these seven ewe lambs?”",para,m
GEN,21,29,,para,b
GEN,21,30,,verse,v
GEN,21,30,"He replied, “You are to accept the seven ewe lambs from my hand as my witness that I dug this well.”",para,m
GEN,21,31,,verse,v
GEN,21,31,"So that place was called Beersheba,",para,m
GEN,21,31,,note,f
GEN,21,31,21:31,char,fr
GEN,21,31,Beersheba means well of seven or well of the oath.,char,ft
GEN,21,31, because it was there that the two of them swore an oath.,para,m
GEN,21,32,,verse,v
GEN,21,32,"After they had made the covenant at Beersheba, Abimelech and Phicol the commander of his army got up and returned to the land of the Philistines.",para,m
GEN,21,32,,para,b
GEN,21,33,,verse,v
GEN,21,33,"And Abraham planted a tamarisk tree in Beersheba, and there he called upon the name of the LORD, the Eternal God.",para,m
GEN,21,33,,note,f
GEN,21,33,21:33,char,fr
GEN,21,33,Hebrew El-Olam,char,ft
GEN,21,33,,para,m
GEN,21,34,,verse,v
GEN,21,34,And Abraham resided in the land of the Philistines for a long time.,para,m
GEN,22,,,chapter,c
GEN,22,,The Offering of Isaac,para,s1
GEN,22,,(John 3:1–21),para,r
GEN,22,1,,verse,v
GEN,22,1,"Some time later God tested Abraham and said to him, “Abraham!”",para,m
GEN,22,1,,para,b
GEN,22,1,"“Here I am,” he answered.",para,m
GEN,22,1,,para,b
GEN,22,2,,verse,v
GEN,22,2,"“Take your son,” God said, “your only son Isaac, whom you love, and go to the land of Moriah. Offer him there as a burnt offering on one of the mountains, which I will show you.”",para,m
GEN,22,2,,para,b
GEN,22,3,,verse,v
GEN,22,3,"So Abraham got up early the next morning, saddled his donkey, and took along two of his servants and his son Isaac. He split the wood for a burnt offering and set out for the place God had designated.",para,m
GEN,22,3,,para,b
GEN,22,4,,verse,v
GEN,22,4,On the third day Abraham looked up and saw the place in the distance.,para,m
GEN,22,5,,verse,v
GEN,22,5,"“Stay here with the donkey,” Abraham told his servants. “The boy and I will go over there to worship, and then we will return to you.”",para,m
GEN,22,5,,para,b
GEN,22,6,,verse,v
GEN,22,6,"Abraham took the wood for the burnt offering and placed it on his son Isaac. He himself carried the fire and the sacrificial knife, and the two of them walked on together.",para,m
GEN,22,6,,para,b
GEN,22,7,,verse,v
GEN,22,7,"Then Isaac said to his father Abraham, “My father!”",para,m
GEN,22,7,,para,b
GEN,22,7,"“Here I am, my son,” he replied.",para,m
GEN,22,7,,para,b
GEN,22,7,"“The fire and the wood are here,” said Isaac, “but where is the lamb for the burnt offering?”",para,m
GEN,22,7,,para,b
GEN,22,8,,verse,v
GEN,22,8,"Abraham answered, “God Himself will provide the lamb for the burnt offering, my son.” And the two walked on together.",para,m
GEN,22,8,,para,b
GEN,22,9,,verse,v
GEN,22,9,"When they arrived at the place God had designated, Abraham built the altar there and arranged the wood. He bound his son Isaac and placed him on the altar, atop the wood.",para,m
GEN,22,10,,verse,v
GEN,22,10,Then Abraham reached out his hand and took the knife to slaughter his son.,para,m
GEN,22,10,The LORD Provides the Sacrifice,para,s1
GEN,22,10,,para,b
GEN,22,11,,verse,v
GEN,22,11,Just then the angel,para,m
GEN,22,11,,note,f
GEN,22,11,22:11,char,fr
GEN,22,11,Or Angel; also in verses 12 and 15,char,ft
GEN,22,11," of the LORD called out to him from heaven, “Abraham, Abraham!”",para,m
GEN,22,11,,para,b
GEN,22,11,"“Here I am,” he replied.",para,m
GEN,22,11,,para,b
GEN,22,12,,verse,v
GEN,22,12,"“Do not lay a hand on the boy or do anything to him,” said the angel, “for now I know that you fear God, since you have not withheld your only son from me.",para,m
GEN,22,12,,note,f
GEN,22,12,22:12,char,fr
GEN,22,12,Or from Me,char,ft
GEN,22,12,”,para,m
GEN,22,12,,para,b
GEN,22,13,,verse,v
GEN,22,13,Then Abraham looked up and saw behind him a ram,para,m
GEN,22,13,,note,f
GEN,22,13,22:13,char,fr
GEN,22,13,"Most MT manuscripts; other Hebrew manuscripts, SP, LXX, and Syriac saw one ram",char,ft
GEN,22,13," in a thicket, caught by its horns. So he went and took the ram and offered it as a burnt offering in place of his son.",para,m
GEN,22,14,,verse,v
GEN,22,14,And Abraham called that place The LORD Will Provide.,para,m
GEN,22,14,,note,f
GEN,22,14,22:14,char,fr
GEN,22,14,Hebrew YHWH Yireh,char,ft
GEN,22,14," So to this day it is said, “On the mountain of the LORD it will be provided.”",para,m
GEN,22,14,,para,b
GEN,22,15,,verse,v
GEN,22,15,"And the angel of the LORD called to Abraham from heaven a second time,",para,m
GEN,22,16,,verse,v
GEN,22,16,"saying, “By Myself I have sworn, declares the LORD, that because you have done this and have not withheld your only son,",para,m
GEN,22,17,,verse,v
GEN,22,17,"I will surely bless you, and I will multiply your descendants",para,m
GEN,22,17,,note,f
GEN,22,17,22:17,char,fr
GEN,22,17,Cited in Hebrews 6:14,char,ft
GEN,22,17, like the stars in the sky and the sand on the seashore. Your descendants will possess the gates of their enemies.,para,m
GEN,22,18,,verse,v
GEN,22,18,"And through your offspring all nations of the earth will be blessed,",para,m
GEN,22,18,,note,f
GEN,22,18,22:18,char,fr
GEN,22,18,Cited in Acts 3:25,char,ft
GEN,22,18, because you have obeyed My voice.”,para,m
GEN,22,18,,para,b
GEN,22,19,,verse,v
GEN,22,19,"Abraham went back to his servants, and they got up and set out together for Beersheba. And Abraham settled in Beersheba.",para,m
GEN,22,19,The Sons of Nahor,para,s1
GEN,22,19,,para,b
GEN,22,20,,verse,v
GEN,22,20,"Some time later, Abraham was told, “Milcah has also borne sons to your brother Nahor:",para,m
GEN,22,21,,verse,v
GEN,22,21,"Uz the firstborn, his brother Buz, Kemuel (the father of Aram),",para,m
GEN,22,22,,verse,v
GEN,22,22,"Chesed, Hazo, Pildash, Jidlaph, and Bethuel.”",para,m
GEN,22,22,,para,b
GEN,22,23,,verse,v
GEN,22,23,And Bethuel became the father of Rebekah. Milcah bore these eight sons to Abraham’s brother Nahor.,para,m
GEN,22,24,,verse,v
GEN,22,24,"Moreover, Nahor’s concubine, whose name was Reumah, bore Tebah, Gaham, Tahash, and Maacah.",para,m
GEN,23,,,chapter,c
GEN,23,,The Death and Burial of Sarah,para,s1
GEN,23,1,,verse,v
GEN,23,1,Now Sarah lived to be 127 years old.,para,m
GEN,23,2,,verse,v
GEN,23,2,"She died in Kiriath-arba (that is, Hebron) in the land of Canaan, and Abraham went out to mourn and to weep for her.",para,m
GEN,23,2,,para,b
GEN,23,3,,verse,v
GEN,23,3,"Then Abraham got up from beside his dead wife and said to the Hittites,",para,m
GEN,23,3,,note,f
GEN,23,3,23:3,char,fr
GEN,23,3,"Or sons of Heth; also in verses 5, 7, 10, 16, 18, and 20",char,ft
GEN,23,3,,para,m
GEN,23,4,,verse,v
GEN,23,4,“I am a foreigner and an outsider among you. Give me a burial site among you so that I can bury my dead.”,para,m
GEN,23,4,,para,b
GEN,23,5,,verse,v
GEN,23,5,"The Hittites replied to Abraham,",para,m
GEN,23,6,,verse,v
GEN,23,6,"“Listen to us, sir. You are God’s chosen one among us. Bury your dead in the finest of our tombs. None of us will withhold his tomb for burying your dead.”",para,m
GEN,23,6,,para,b
GEN,23,7,,verse,v
GEN,23,7,"Then Abraham rose and bowed down before the people of the land, the Hittites.",para,m
GEN,23,8,,verse,v
GEN,23,8,"“If you are willing for me to bury my dead,” he said to them, “listen to me, and approach Ephron son of Zohar on my behalf",para,m
GEN,23,9,,verse,v
GEN,23,9,"to sell me the cave of Machpelah that belongs to him; it is at the end of his field. Let him sell it to me in your presence for full price, so that I may have a burial site.”",para,m
GEN,23,9,,para,b
GEN,23,10,,verse,v
GEN,23,10,"Now Ephron was sitting among the sons of Heth. So in the presence of all the Hittites who had come to the gate of his city, Ephron the Hittite answered Abraham,",para,m
GEN,23,11,,verse,v
GEN,23,11,"“No, my lord. Listen to me. I give you the field, and I give you the cave that is in it. I give it to you in the presence of my people. Bury your dead.”",para,m
GEN,23,11,,para,b
GEN,23,12,,verse,v
GEN,23,12,Again Abraham bowed down before the people of the land,para,m
GEN,23,13,,verse,v
GEN,23,13,"and said to Ephron in their presence, “If you will please listen to me, I will pay you the price of the field. Accept it from me, so that I may bury my dead there.”",para,m
GEN,23,13,,para,b
GEN,23,14,,verse,v
GEN,23,14,"Ephron answered Abraham,",para,m
GEN,23,15,,verse,v
GEN,23,15,"“Listen to me, my lord. The land is worth four hundred shekels of silver,",para,m
GEN,23,15,,note,f
GEN,23,15,23:15,char,fr
GEN,23,15,400 shekels is approximately 10.1 pounds or 4.6 kilograms of silver; also in verse 16.,char,ft
GEN,23,15, but what is that between you and me? Bury your dead.”,para,m
GEN,23,15,,para,b
GEN,23,16,,verse,v
GEN,23,16,"Abraham agreed to Ephron’s terms and weighed out for him the price he had named in the hearing of the Hittites: four hundred shekels of silver, according to the standard of the merchants.",para,m
GEN,23,16,,para,b
GEN,23,17,,verse,v
GEN,23,17,"So Ephron’s field at Machpelah near Mamre, the cave that was in it, and all the trees within the boundaries of the field were deeded over",para,m
GEN,23,18,,verse,v
GEN,23,18,to Abraham’s possession in the presence of all the Hittites who had come to the gate of his city.,para,m
GEN,23,19,,verse,v
GEN,23,19,"After this, Abraham buried his wife Sarah in the cave of the field at Machpelah near Mamre (that is, Hebron) in the land of Canaan.",para,m
GEN,23,20,,verse,v
GEN,23,20,So the field and its cave were deeded by the Hittites to Abraham as a burial site.,para,m
GEN,24,,,chapter,c
GEN,24,,A Wife for Isaac,para,s1
GEN,24,1,,verse,v
GEN,24,1,"By now Abraham was old and well along in years, and the LORD had blessed him in every way.",para,m
GEN,24,2,,verse,v
GEN,24,2,"So Abraham instructed the chief servant of his household, who managed all he owned, “Place your hand under my thigh,",para,m
GEN,24,3,,verse,v
GEN,24,3,"and I will have you swear by the LORD, the God of heaven and the God of earth, that you will not take a wife for my son from the daughters of the Canaanites among whom I am dwelling,",para,m
GEN,24,4,,verse,v
GEN,24,4,but will go to my country and my kindred to take a wife for my son Isaac.”,para,m
GEN,24,4,,para,b
GEN,24,5,,verse,v
GEN,24,5,"The servant asked him, “What if the woman is unwilling to follow me to this land? Shall I then take your son back to the land from which you came?”",para,m
GEN,24,5,,para,b
GEN,24,6,,verse,v
GEN,24,6,"Abraham replied, “Make sure that you do not take my son back there.",para,m
GEN,24,7,,verse,v
GEN,24,7,"The LORD, the God of heaven, who brought me from my father’s house and my native land, who spoke to me and promised me on oath, saying, ‘To your offspring I will give this land’—He will send His angel before you so that you can take a wife for my son from there.",para,m
GEN,24,8,,verse,v
GEN,24,8,"And if the woman is unwilling to follow you, then you are released from this oath of mine. Only do not take my son back there.”",para,m
GEN,24,8,,para,b
GEN,24,9,,verse,v
GEN,24,9,So the servant placed his hand under the thigh of his master Abraham and swore an oath to him concerning this matter.,para,m
GEN,24,9,,para,b
GEN,24,10,,verse,v
GEN,24,10,Then the servant took ten of his master’s camels and departed with all manner of good things from his master in hand. And he set out for Nahor’s hometown in Aram-naharaim.,para,m
GEN,24,10,,note,f
GEN,24,10,24:10,char,fr
GEN,24,10,"That is, Mesopotamia; Aram-naharaim means Aram of the two rivers, likely the region between the Euphrates and Balih Rivers in northwestern Mesopotamia.",char,ft
GEN,24,10,,para,m
GEN,24,11,,verse,v
GEN,24,11,"As evening approached, he made the camels kneel down near the well outside the town at the time when the women went out to draw water.",para,m
GEN,24,11,,para,b
GEN,24,12,,verse,v
GEN,24,12,"“O LORD, God of my master Abraham,” he prayed, “please grant me success today, and show kindness to my master Abraham.",para,m
GEN,24,13,,verse,v
GEN,24,13,"Here I am, standing beside the spring, and the daughters of the townspeople are coming out to draw water.",para,m
GEN,24,14,,verse,v
GEN,24,14,"Now may it happen that the girl to whom I say, ‘Please let down your jar that I may drink,’ and who responds, ‘Drink, and I will water your camels as well’—let her be the one You have appointed for Your servant Isaac. By this I will know that You have shown kindness to my master.”",para,m
GEN,24,14,Rebekah Is Chosen,para,s1
GEN,24,14,,para,b
GEN,24,15,,verse,v
GEN,24,15,"Before the servant had finished praying, Rebekah came out with her jar on her shoulder. She was the daughter of Bethuel son of Milcah, the wife of Abraham’s brother Nahor.",para,m
GEN,24,16,,verse,v
GEN,24,16,"Now the girl was very beautiful, a virgin who had not had relations with any man. She went down to the spring, filled her jar, and came up again.",para,m
GEN,24,16,,para,b
GEN,24,17,,verse,v
GEN,24,17,"So the servant ran to meet her and said, “Please let me have a little water from your jar.”",para,m
GEN,24,17,,para,b
GEN,24,18,,verse,v
GEN,24,18,"“Drink, my lord,” she replied, and she quickly lowered her jar to her hands and gave him a drink.",para,m
GEN,24,18,,para,b
GEN,24,19,,verse,v
GEN,24,19,"After she had given him a drink, she said, “I will also draw water for your camels, until they have had enough to drink.”",para,m
GEN,24,20,,verse,v
GEN,24,20,"And she quickly emptied her jar into the trough and ran back to the well to draw water, until she had drawn water for all his camels.",para,m
GEN,24,20,,para,b
GEN,24,21,,verse,v
GEN,24,21,"Meanwhile, the man watched her silently to see whether or not the LORD had made his journey a success.",para,m
GEN,24,21,,para,b
GEN,24,22,,verse,v
GEN,24,22,"And after the camels had finished drinking, he took out a gold ring weighing a beka,",para,m
GEN,24,22,,note,f
GEN,24,22,24:22,char,fr
GEN,24,22,"A beka is half a shekel, or approximately 0.2 ounces or 5.7 grams.",char,ft
GEN,24,22, and two gold bracelets for her wrists weighing ten shekels.,para,m
GEN,24,22,,note,f
GEN,24,22,24:22,char,fr
GEN,24,22,10 shekels is approximately 4 ounces or 114 grams.,char,ft
GEN,24,22,,para,m
GEN,24,23,,verse,v
GEN,24,23,"“Whose daughter are you?” he asked. “Please tell me, is there room in your father’s house for us to spend the night?”",para,m
GEN,24,23,,para,b
GEN,24,24,,verse,v
GEN,24,24,"She replied, “I am the daughter of Bethuel, the son that Milcah bore to Nahor.”",para,m
GEN,24,25,,verse,v
GEN,24,25,"Then she added, “We have plenty of straw and feed, as well as a place for you to spend the night.”",para,m
GEN,24,25,,para,b
GEN,24,26,,verse,v
GEN,24,26,"Then the man bowed down and worshiped the LORD,",para,m
GEN,24,27,,verse,v
GEN,24,27,"saying, “Blessed be the LORD, the God of my master Abraham, who has not withheld His kindness and faithfulness from my master. As for me, the LORD has led me on the journey to the house of my master’s relatives.”",para,m
GEN,24,27,,para,b
GEN,24,28,,verse,v
GEN,24,28,The girl ran and told her mother’s household about these things.,para,m
GEN,24,29,,verse,v
GEN,24,29,"Now Rebekah had a brother named Laban, and he rushed out to the man at the spring.",para,m
GEN,24,30,,verse,v
GEN,24,30,"As soon as he saw the ring, and the bracelets on his sister’s wrists, and heard Rebekah’s words, “The man said this to me,” he went and found the man standing by the camels near the spring.",para,m
GEN,24,30,,para,b
GEN,24,31,,verse,v
GEN,24,31,"“Come, you who are blessed by the LORD,” said Laban. “Why are you standing out here? I have prepared the house and a place for the camels.”",para,m
GEN,24,32,,verse,v
GEN,24,32,"So the man came to the house, and the camels were unloaded. Straw and feed were brought to the camels, and water to wash his feet and the feet of his companions.",para,m
GEN,24,32,,para,b
GEN,24,33,,verse,v
GEN,24,33,"Then a meal was set before the man, but he said, “I will not eat until I have told you what I came to say.”",para,m
GEN,24,33,,para,b
GEN,24,33,"So Laban said, “Please speak.”",para,m
GEN,24,33,,para,b
GEN,24,34,,verse,v
GEN,24,34,"“I am Abraham’s servant,” he replied.",para,m
GEN,24,35,,verse,v
GEN,24,35,"“The LORD has greatly blessed my master, and he has become rich. He has given him sheep and cattle, silver and gold, menservants and maidservants, camels and donkeys.",para,m
GEN,24,36,,verse,v
GEN,24,36,"My master’s wife Sarah has borne him a son in her old age, and my master has given him everything he owns.",para,m
GEN,24,36,,para,b
GEN,24,37,,verse,v
GEN,24,37,"My master made me swear an oath and said, ‘You shall not take a wife for my son from the daughters of the Canaanites in whose land I dwell,",para,m
GEN,24,38,,verse,v
GEN,24,38,but you shall go to my father’s house and to my kindred to take a wife for my son.’,para,m
GEN,24,38,,para,b
GEN,24,39,,verse,v
GEN,24,39,"Then I asked my master, ‘What if the woman will not come back with me?’",para,m
GEN,24,39,,para,b
GEN,24,40,,verse,v
GEN,24,40,"And he told me, ‘The LORD, before whom I have walked, will send His angel with you and make your journey a success, so that you may take a wife for my son from my kindred and from my father’s house.",para,m
GEN,24,41,,verse,v
GEN,24,41,"And when you go to my kindred, if they refuse to give her to you, then you will be released from my oath.’",para,m
GEN,24,41,,para,b
GEN,24,42,,verse,v
GEN,24,42,"So when I came to the spring today, I prayed: O LORD, God of my master Abraham, if only You would make my journey a success!",para,m
GEN,24,43,,verse,v
GEN,24,43,"Here I am, standing beside this spring. Now if a maiden comes out to draw water and I say to her, ‘Please let me drink a little water from your jar,’",para,m
GEN,24,44,,verse,v
GEN,24,44,"and she replies, ‘Drink, and I will draw water for your camels as well,’ may she be the woman the LORD has appointed for my master’s son.",para,m
GEN,24,44,,para,b
GEN,24,45,,verse,v
GEN,24,45,"And before I had finished praying in my heart, there was Rebekah coming out with her jar on her shoulder, and she went down to the spring and drew water. So I said to her, ‘Please give me a drink.’",para,m
GEN,24,45,,para,b
GEN,24,46,,verse,v
GEN,24,46,"She quickly lowered her jar from her shoulder and said, ‘Drink, and I will water your camels as well.’ So I drank, and she also watered the camels.",para,m
GEN,24,46,,para,b
GEN,24,47,,verse,v
GEN,24,47,"Then I asked her, ‘Whose daughter are you?’",para,m
GEN,24,47,,para,b
GEN,24,47,"She replied, ‘The daughter of Bethuel son of Nahor, whom Milcah bore to him.’ So I put the ring on her nose and the bracelets on her wrists.",para,m
GEN,24,48,,verse,v
GEN,24,48,"Then I bowed down and worshiped the LORD; and I blessed the LORD, the God of my master Abraham, who led me on the right road to take the granddaughter of my master’s brother for his son.",para,m
GEN,24,48,,para,b
GEN,24,49,,verse,v
GEN,24,49,"Now if you will show kindness and faithfulness to my master, tell me; but if not, let me know, so that I may go elsewhere.”",para,m
GEN,24,49,,para,b
GEN,24,50,,verse,v
GEN,24,50,"Laban and Bethuel answered, “This is from the LORD; we have no choice in the matter.",para,m
GEN,24,51,,verse,v
GEN,24,51,"Rebekah is here before you. Take her and go, and let her become the wife of your master’s son, just as the LORD has decreed.”",para,m
GEN,24,51,,para,b
GEN,24,52,,verse,v
GEN,24,52,"When Abraham’s servant heard their words, he bowed down to the ground before the LORD.",para,m
GEN,24,53,,verse,v
GEN,24,53,"Then he brought out jewels of silver and gold, and articles of clothing, and he gave them to Rebekah. He also gave precious gifts to her brother and her mother.",para,m
GEN,24,54,,verse,v
GEN,24,54,Then he and the men with him ate and drank and spent the night there.,para,m
GEN,24,54,,para,b
GEN,24,54,"When they got up the next morning, he said, “Send me on my way to my master.”",para,m
GEN,24,54,,para,b
GEN,24,55,,verse,v
GEN,24,55,"But her brother and mother said, “Let the girl remain with us ten days or so. After that, she may go.”",para,m
GEN,24,55,,para,b
GEN,24,56,,verse,v
GEN,24,56,"But he replied, “Do not delay me, since the LORD has made my journey a success. Send me on my way so that I may go to my master.”",para,m
GEN,24,56,,para,b
GEN,24,57,,verse,v
GEN,24,57,"So they said, “We will call the girl and ask her opinion.”",para,m
GEN,24,57,,para,b
GEN,24,58,,verse,v
GEN,24,58,"They called Rebekah and asked her, “Will you go with this man?”",para,m
GEN,24,58,,para,b
GEN,24,58,"“I will go,” she replied.",para,m
GEN,24,58,,para,b
GEN,24,59,,verse,v
GEN,24,59,"So they sent their sister Rebekah on her way, along with her nurse and Abraham’s servant and his men.",para,m
GEN,24,60,,verse,v
GEN,24,60,"And they blessed Rebekah and said to her,",para,m
GEN,24,60,,para,b
GEN,24,60,"“Our sister, may you become the mother",para,q1
GEN,24,60,of thousands upon thousands.,para,q2
GEN,24,60,May your offspring possess,para,q1
GEN,24,60,the gates of their enemies.”,para,q2
GEN,24,60,,para,b
GEN,24,61,,verse,v
GEN,24,61,"Then Rebekah and her servant girls got ready, mounted the camels, and followed the man. So the servant took Rebekah and left.",para,m
GEN,24,61,Isaac Marries Rebekah,para,s1
GEN,24,61,,para,b
GEN,24,62,,verse,v
GEN,24,62,"Now Isaac had just returned from Beer-lahai-roi, for he was living in the Negev.",para,m
GEN,24,63,,verse,v
GEN,24,63,"Early in the evening, Isaac went out to the field to meditate, and looking up, he saw the camels approaching.",para,m
GEN,24,63,,para,b
GEN,24,64,,verse,v
GEN,24,64,"And when Rebekah looked up and saw Isaac, she got down from her camel",para,m
GEN,24,65,,verse,v
GEN,24,65,"and asked the servant, “Who is that man in the field coming to meet us?”",para,m
GEN,24,65,,para,b
GEN,24,65,"“It is my master,” the servant answered. So she took her veil and covered herself.",para,m
GEN,24,66,,verse,v
GEN,24,66,Then the servant told Isaac all that he had done.,para,m
GEN,24,66,,para,b
GEN,24,67,,verse,v
GEN,24,67,And Isaac brought her into the tent of his mother Sarah and took Rebekah as his wife. And Isaac loved her and was comforted after his mother’s death.,para,m
GEN,25,,,chapter,c
GEN,25,,Abraham and Keturah,para,s1
GEN,25,,(1 Chronicles 1:32–33),para,r
GEN,25,1,,verse,v
GEN,25,1,"Now Abraham had taken another wife, named Keturah,",para,m
GEN,25,2,,verse,v
GEN,25,2,"and she bore him Zimran, Jokshan, Medan, Midian, Ishbak, and Shuah.",para,m
GEN,25,2,,para,b
GEN,25,3,,verse,v
GEN,25,3,"Jokshan was the father of Sheba and Dedan. And the sons of Dedan were the Asshurites, the Letushites, and the Leummites.",para,m
GEN,25,3,,para,b
GEN,25,4,,verse,v
GEN,25,4,"The sons of Midian were Ephah, Epher, Hanoch, Abida, and Eldaah.",para,m
GEN,25,4,,para,b
GEN,25,4,All these were descendants of Keturah.,para,m
GEN,25,4,,para,b
GEN,25,5,,verse,v
GEN,25,5,Abraham left everything he owned to Isaac.,para,m
GEN,25,6,,verse,v
GEN,25,6,"But while he was still alive, Abraham gave gifts to the sons of his concubines and sent them away from his son Isaac to the land of the east.",para,m
GEN,25,6,The Death of Abraham,para,s1
GEN,25,6,,para,b
GEN,25,7,,verse,v
GEN,25,7,Abraham lived a total of 175 years.,para,m
GEN,25,8,,verse,v
GEN,25,8,"And at a ripe old age he breathed his last and died, old and contented, and was gathered to his people.",para,m
GEN,25,8,,para,b
GEN,25,9,,verse,v
GEN,25,9,"His sons Isaac and Ishmael buried him in the cave of Machpelah near Mamre, in the field of Ephron son of Zohar the Hittite.",para,m
GEN,25,10,,verse,v
GEN,25,10,This was the field that Abraham had bought from the Hittites. Abraham was buried there with his wife Sarah.,para,m
GEN,25,10,,para,b
GEN,25,11,,verse,v
GEN,25,11,"After Abraham’s death, God blessed his son Isaac, who lived near Beer-lahai-roi.",para,m
GEN,25,11,The Descendants of Ishmael,para,s1
GEN,25,11,(1 Chronicles 1:28–31),para,r
GEN,25,11,,para,b
GEN,25,12,,verse,v
GEN,25,12,"This is the account of Abraham’s son Ishmael, whom Hagar the Egyptian, Sarah’s maidservant, bore to Abraham.",para,m
GEN,25,13,,verse,v
GEN,25,13,"These are the names of the sons of Ishmael in the order of their birth: Nebaioth the firstborn of Ishmael, then Kedar, Adbeel, Mibsam,",para,m
GEN,25,14,,verse,v
GEN,25,14,"Mishma, Dumah, Massa,",para,m
GEN,25,15,,verse,v
GEN,25,15,"Hadad, Tema, Jetur, Naphish, and Kedemah.",para,m
GEN,25,15,,para,b
GEN,25,16,,verse,v
GEN,25,16,"These were the sons of Ishmael, and these were their names by their villages and encampments—twelve princes of their tribes.",para,m
GEN,25,17,,verse,v
GEN,25,17,"Ishmael lived a total of 137 years. Then he breathed his last and died, and was gathered to his people.",para,m
GEN,25,17,,para,b
GEN,25,18,,verse,v
GEN,25,18,"Ishmael’s descendants settled from Havilah to Shur, which is near the border of Egypt as you go toward Asshur.",para,m
GEN,25,18,,note,f
GEN,25,18,25:18,char,fr
GEN,25,18,Or Assyria,char,ft
GEN,25,18, And they lived in hostility toward all their brothers.,para,m
GEN,25,18,Jacob and Esau,para,s1
GEN,25,18,(Malachi 1:1–5; Romans 9:6–29),para,r
GEN,25,18,,para,b
GEN,25,19,,verse,v
GEN,25,19,"This is the account of Abraham’s son Isaac. Abraham became the father of Isaac,",para,m
GEN,25,20,,verse,v
GEN,25,20,"and Isaac was forty years old when he married Rebekah, the daughter of Bethuel the Aramean from Paddan-aram",para,m
GEN,25,20,,note,f
GEN,25,20,25:20,char,fr
GEN,25,20,"That is, northwest Mesopotamia",char,ft
GEN,25,20, and the sister of Laban the Aramean.,para,m
GEN,25,20,,para,b
GEN,25,21,,verse,v
GEN,25,21,"Later, Isaac prayed to the LORD on behalf of his wife, because she was barren. And the LORD heard his prayer, and his wife Rebekah conceived.",para,m
GEN,25,21,,para,b
GEN,25,22,,verse,v
GEN,25,22,"But the children inside her struggled with each other, and she said, “Why is this happening to me?” So Rebekah went to inquire of the LORD,",para,m
GEN,25,23,,verse,v
GEN,25,23,and He declared to her:,para,m
GEN,25,23,,para,b
GEN,25,23,"“Two nations are in your womb,",para,q1
GEN,25,23,and two peoples from within you will be separated;,para,q2
GEN,25,23,"one people will be stronger than the other,",para,q1
GEN,25,23,and the older will serve the younger.”,para,q2
GEN,25,23,,note,f
GEN,25,23,25:23,char,fr
GEN,25,23,Cited in Romans 9:12,char,ft
GEN,25,23,,para,q2
GEN,25,23,,para,b
GEN,25,24,,verse,v
GEN,25,24,"When her time came to give birth, there were indeed twins in her womb.",para,m
GEN,25,25,,verse,v
GEN,25,25,"The first one came out red, covered with hair like a fur coat; so they named him Esau.",para,m
GEN,25,25,,note,f
GEN,25,25,25:25,char,fr
GEN,25,25,Esau sounds like a Hebrew term that means hairy.,char,ft
GEN,25,25,,para,m
GEN,25,26,,verse,v
GEN,25,26,"After this, his brother came out grasping Esau’s heel; so he was named Jacob.",para,m
GEN,25,26,,note,f
GEN,25,26,25:26,char,fr
GEN,25,26,Jacob means he grasps the heel or he deceives.,char,ft
GEN,25,26, And Isaac was sixty years old when the twins were born.,para,m
GEN,25,26,,para,b
GEN,25,27,,verse,v
GEN,25,27,"When the boys grew up, Esau became a skillful hunter, a man of the field, while Jacob was a quiet man who stayed at home.",para,m
GEN,25,28,,verse,v
GEN,25,28,"Because Isaac had a taste for wild game, he loved Esau; but Rebekah loved Jacob.",para,m
GEN,25,28,Esau Sells His Birthright,para,s1
GEN,25,28,,para,b
GEN,25,29,,verse,v
GEN,25,29,"One day, while Jacob was cooking some stew, Esau came in from the field and was famished.",para,m
GEN,25,30,,verse,v
GEN,25,30,"He said to Jacob, “Let me eat some of that red stew, for I am famished.” (That is why he was also called Edom.",para,m
GEN,25,30,,note,f
GEN,25,30,25:30,char,fr
GEN,25,30,Edom means red.,char,ft
GEN,25,30,),para,m
GEN,25,30,,para,b
GEN,25,31,,verse,v
GEN,25,31,"“First sell me your birthright,” Jacob replied.",para,m
GEN,25,31,,para,b
GEN,25,32,,verse,v
GEN,25,32,"“Look,” said Esau, “I am about to die, so what good is a birthright to me?”",para,m
GEN,25,32,,para,b
GEN,25,33,,verse,v
GEN,25,33,"“Swear to me first,” Jacob said.",para,m
GEN,25,33,,para,b
GEN,25,33,So Esau swore to Jacob and sold him the birthright.,para,m
GEN,25,34,,verse,v
GEN,25,34,"Then Jacob gave some bread and lentil stew to Esau, who ate and drank and then got up and went away. Thus Esau despised his birthright.",para,m
GEN,26,,,chapter,c
GEN,26,,God’s Promise to Isaac,para,s1
GEN,26,,(Genesis 12:1–9),para,r
GEN,26,1,,verse,v
GEN,26,1,"Now there was another famine in the land, subsequent to the one that had occurred in Abraham’s time. And Isaac went to Abimelech king of the Philistines at Gerar.",para,m
GEN,26,1,,para,b
GEN,26,2,,verse,v
GEN,26,2,"The LORD appeared to Isaac and said, “Do not go down to Egypt. Settle in the land where I tell you.",para,m
GEN,26,3,,verse,v
GEN,26,3,"Stay in this land as a foreigner, and I will be with you and bless you. For I will give all these lands to you and your offspring, and I will confirm the oath that I swore to your father Abraham.",para,m
GEN,26,4,,verse,v
GEN,26,4,"I will make your descendants as numerous as the stars in the sky, and I will give them all these lands, and through your offspring all nations of the earth will be blessed,",para,m
GEN,26,5,,verse,v
GEN,26,5,"because Abraham listened to My voice and kept My charge, My commandments, My statutes, and My laws.”",para,m
GEN,26,5,Isaac Deceives Abimelech,para,s1
GEN,26,5,,para,b
GEN,26,6,,verse,v
GEN,26,6,So Isaac settled in Gerar.,para,m
GEN,26,7,,verse,v
GEN,26,7,"But when the men of that place asked about his wife, he said, “She is my sister.” For he was afraid to say, “She is my wife,” since he thought to himself, “The men of this place will kill me on account of Rebekah, because she is so beautiful.”",para,m
GEN,26,7,,para,b
GEN,26,8,,verse,v
GEN,26,8,"When Isaac had been there a long time, Abimelech king of the Philistines looked down from the window and was surprised to see Isaac caressing his wife Rebekah.",para,m
GEN,26,9,,verse,v
GEN,26,9,"Abimelech sent for Isaac and said, “So she is really your wife! How could you say, ‘She is my sister’?”",para,m
GEN,26,9,,para,b
GEN,26,9,"Isaac replied, “Because I thought I might die on account of her.”",para,m
GEN,26,9,,para,b
GEN,26,10,,verse,v
GEN,26,10,"“What is this you have done to us?” asked Abimelech. “One of the people could easily have slept with your wife, and you would have brought guilt upon us.”",para,m
GEN,26,11,,verse,v
GEN,26,11,"So Abimelech warned all the people, saying, “Whoever harms this man or his wife will surely be put to death.”",para,m
GEN,26,11,Isaac’s Prosperity,para,s1
GEN,26,11,,para,b
GEN,26,12,,verse,v
GEN,26,12,"Now Isaac sowed seed in the land, and that very year he reaped a hundredfold. And the LORD blessed him,",para,m
GEN,26,13,,verse,v
GEN,26,13,"and he became richer and richer, until he was exceedingly wealthy.",para,m
GEN,26,14,,verse,v
GEN,26,14,He owned so many flocks and herds and servants that the Philistines envied him.,para,m
GEN,26,15,,verse,v
GEN,26,15,So the Philistines took dirt and stopped up all the wells that his father’s servants had dug in the days of his father Abraham.,para,m
GEN,26,15,,para,b
GEN,26,16,,verse,v
GEN,26,16,"Then Abimelech said to Isaac, “Depart from us, for you are much too powerful for us.”",para,m
GEN,26,16,,para,b
GEN,26,17,,verse,v
GEN,26,17,So Isaac left that place and encamped in the Valley of Gerar and settled there.,para,m
GEN,26,18,,verse,v
GEN,26,18,"Isaac reopened the wells that had been dug in the days of his father Abraham, which the Philistines had stopped up after Abraham died. And he gave these wells the same names his father had given them.",para,m
GEN,26,18,,para,b
GEN,26,19,,verse,v
GEN,26,19,Then Isaac’s servants dug in the valley and found a well of fresh water,para,m
GEN,26,19,,note,f
GEN,26,19,26:19,char,fr
GEN,26,19,Or flowing water or living water,char,ft
GEN,26,19, there.,para,m
GEN,26,20,,verse,v
GEN,26,20,"But the herdsmen of Gerar quarreled with Isaac’s herdsmen and said, “The water is ours!” So he named the well Esek,",para,m
GEN,26,20,,note,f
GEN,26,20,26:20,char,fr
GEN,26,20,Esek means contention.,char,ft
GEN,26,20, because they contended with him.,para,m
GEN,26,20,,para,b
GEN,26,21,,verse,v
GEN,26,21,Then they dug another well and quarreled over that one also; so he named it Sitnah.,para,m
GEN,26,21,,note,f
GEN,26,21,26:21,char,fr
GEN,26,21,Sitnah means enmity or hostility.,char,ft
GEN,26,21,,para,m
GEN,26,21,,para,b
GEN,26,22,,verse,v
GEN,26,22,"He moved on from there and dug another well, and they did not quarrel over it. He named it Rehoboth",para,m
GEN,26,22,,note,f
GEN,26,22,26:22,char,fr
GEN,26,22,Rehoboth means broad places or open spaces.,char,ft
GEN,26,22," and said, “At last the LORD has made room for us, and we will be fruitful in the land.”",para,m
GEN,26,22,,para,b
GEN,26,23,,verse,v
GEN,26,23,"From there Isaac went up to Beersheba,",para,m
GEN,26,24,,verse,v
GEN,26,24,"and that night the LORD appeared to him and said, “I am the God of your father Abraham. Do not be afraid, for I am with you. I will bless you and multiply your descendants for the sake of My servant Abraham.”",para,m
GEN,26,24,,para,b
GEN,26,25,,verse,v
GEN,26,25,"So Isaac built an altar there and called on the name of the LORD, and he pitched his tent there. His servants also dug a well there.",para,m
GEN,26,25,Isaac’s Covenant with Abimelech,para,s1
GEN,26,25,,para,b
GEN,26,26,,verse,v
GEN,26,26,"Later, Abimelech came to Isaac from Gerar, with Ahuzzath his adviser and Phicol the commander of his army.",para,m
GEN,26,26,,para,b
GEN,26,27,,verse,v
GEN,26,27,“Why have you come to me?” Isaac asked them. “You hated me and sent me away.”,para,m
GEN,26,27,,para,b
GEN,26,28,,verse,v
GEN,26,28,"“We can plainly see that the LORD has been with you,” they replied. “We recommend that there should now be an oath between us and you. Let us make a covenant with you",para,m
GEN,26,29,,verse,v
GEN,26,29,"that you will not harm us, just as we have not harmed you but have done only good to you, sending you on your way in peace. And now you are blessed by the LORD.”",para,m
GEN,26,29,,para,b
GEN,26,30,,verse,v
GEN,26,30,"So Isaac prepared a feast for them, and they ate and drank.",para,m
GEN,26,31,,verse,v
GEN,26,31,"And they got up early the next morning and swore an oath to each other. Then Isaac sent them on their way, and they left him in peace.",para,m
GEN,26,31,,para,b
GEN,26,32,,verse,v
GEN,26,32,"On that same day, Isaac’s servants came and told him about the well they had dug. “We have found water!” they told him.",para,m
GEN,26,33,,verse,v
GEN,26,33,"So he called it Shibah,",para,m
GEN,26,33,,note,f
GEN,26,33,26:33,char,fr
GEN,26,33,Shibah can mean oath or seven.,char,ft
GEN,26,33, and to this day the name of the city is Beersheba.,para,m
GEN,26,33,,note,f
GEN,26,33,26:33,char,fr
GEN,26,33,Beersheba means well of seven or well of the oath.,char,ft
GEN,26,33,,para,m
GEN,26,33,Esau’s Wives,para,s1
GEN,26,33,,para,b
GEN,26,34,,verse,v
GEN,26,34,"When Esau was forty years old, he took as his wives Judith daughter of Beeri the Hittite and Basemath daughter of Elon the Hittite.",para,m
GEN,26,35,,verse,v
GEN,26,35,And they brought grief to Isaac and Rebekah.,para,m
GEN,27,,,chapter,c
GEN,27,,Isaac Blesses Jacob,para,s1
GEN,27,,(Hebrews 11:20),para,r
GEN,27,1,,verse,v
GEN,27,1,"When Isaac was old and his eyes were so weak that he could no longer see, he called his older son Esau and said to him, “My son.”",para,m
GEN,27,1,,para,b
GEN,27,1,"“Here I am,” Esau replied.",para,m
GEN,27,1,,para,b
GEN,27,2,,verse,v
GEN,27,2,"“Look,” said Isaac, “I am now old, and I do not know the day of my death.",para,m
GEN,27,3,,verse,v
GEN,27,3,Take your weapons—your quiver and bow—and go out into the field to hunt some game for me.,para,m
GEN,27,4,,verse,v
GEN,27,4,"Then prepare a tasty dish that I love and bring it to me to eat, so that I may bless you before I die.”",para,m
GEN,27,4,,para,b
GEN,27,5,,verse,v
GEN,27,5,"Now Rebekah was listening to what Isaac told his son Esau. So when Esau went into the field to hunt game and bring it back,",para,m
GEN,27,6,,verse,v
GEN,27,6,"Rebekah said to her son Jacob, “Behold, I overheard your father saying to your brother Esau,",para,m
GEN,27,7,,verse,v
GEN,27,7,"‘Bring me some game and prepare me a tasty dish to eat, so that I may bless you in the presence of the LORD before I die.’",para,m
GEN,27,7,,para,b
GEN,27,8,,verse,v
GEN,27,8,"Now, my son, listen to my voice and do exactly as I tell you.",para,m
GEN,27,9,,verse,v
GEN,27,9,"Go out to the flock and bring me two choice young goats, so that I can make them into a tasty dish for your father—the kind he loves.",para,m
GEN,27,10,,verse,v
GEN,27,10,"Then take it to your father to eat, so that he may bless you before he dies.”",para,m
GEN,27,10,,para,b
GEN,27,11,,verse,v
GEN,27,11,"Jacob answered his mother Rebekah, “Look, my brother Esau is a hairy man, but I am smooth-skinned.",para,m
GEN,27,12,,verse,v
GEN,27,12,"What if my father touches me? Then I would be revealed to him as a deceiver, and I would bring upon myself a curse rather than a blessing.”",para,m
GEN,27,12,,para,b
GEN,27,13,,verse,v
GEN,27,13,"His mother replied, “Your curse be on me, my son. Just obey my voice and go get them for me.”",para,m
GEN,27,13,,para,b
GEN,27,14,,verse,v
GEN,27,14,"So Jacob went and got two goats and brought them to his mother, who made the tasty food his father loved.",para,m
GEN,27,15,,verse,v
GEN,27,15,"And Rebekah took the finest clothes in the house that belonged to her older son Esau, and she put them on her younger son Jacob.",para,m
GEN,27,16,,verse,v
GEN,27,16,She also put the skins of the young goats on his hands and on the smooth part of his neck.,para,m
GEN,27,17,,verse,v
GEN,27,17,Then she handed her son Jacob the tasty food and bread she had made.,para,m
GEN,27,17,,para,b
GEN,27,18,,verse,v
GEN,27,18,"So Jacob went to his father and said, “My father.”",para,m
GEN,27,18,,para,b
GEN,27,18,"“Here I am!” he answered. “Which one are you, my son?”",para,m
GEN,27,18,,para,b
GEN,27,19,,verse,v
GEN,27,19,"Jacob said to his father, “I am Esau, your firstborn. I have done as you told me. Please sit up and eat some of my game, so that you may bless me.”",para,m
GEN,27,19,,para,b
GEN,27,20,,verse,v
GEN,27,20,"But Isaac asked his son, “How did you ever find it so quickly, my son?”",para,m
GEN,27,20,,para,b
GEN,27,20,"“Because the LORD your God brought it to me,” he replied.",para,m
GEN,27,20,,para,b
GEN,27,21,,verse,v
GEN,27,21,"Then Isaac said to Jacob, “Please come closer so I can touch you, my son. Are you really my son Esau, or not?”",para,m
GEN,27,21,,para,b
GEN,27,22,,verse,v
GEN,27,22,"So Jacob came close to his father Isaac, who touched him and said, “The voice is the voice of Jacob, but the hands are the hands of Esau.”",para,m
GEN,27,23,,verse,v
GEN,27,23,"Isaac did not recognize him, because his hands were hairy like those of his brother Esau; so he blessed him.",para,m
GEN,27,23,,para,b
GEN,27,24,,verse,v
GEN,27,24,"Again he asked, “Are you really my son Esau?”",para,m
GEN,27,24,,para,b
GEN,27,24,"And he replied, “I am.”",para,m
GEN,27,24,,para,b
GEN,27,25,,verse,v
GEN,27,25,"“Serve me,” said Isaac, “and let me eat some of my son’s game, so that I may bless you.”",para,m
GEN,27,25,,para,b
GEN,27,25,"Jacob brought it to him, and he ate; then he brought him wine, and he drank.",para,m
GEN,27,25,,para,b
GEN,27,26,,verse,v
GEN,27,26,"Then his father Isaac said to him, “Please come near and kiss me, my son.”",para,m
GEN,27,26,,para,b
GEN,27,27,,verse,v
GEN,27,27,"So he came near and kissed him. When Isaac smelled his clothing, he blessed him and said:",para,m
GEN,27,27,,para,b
GEN,27,27,"“Ah, the smell of my son",para,q1
GEN,27,27,is like the smell of a field,para,q2
GEN,27,27,that the LORD has blessed.,para,q2
GEN,27,28,,verse,v
GEN,27,28,May God give to you the dew of heaven,para,q1
GEN,27,28,and the richness of the earth—,para,q2
GEN,27,28,an abundance of grain and new wine.,para,q2
GEN,27,29,,verse,v
GEN,27,29,May peoples serve you,para,q1
GEN,27,29,and nations bow down to you.,para,q2
GEN,27,29,"May you be the master of your brothers,",para,q1
GEN,27,29,and may the sons of your mother bow down to you.,para,q2
GEN,27,29,"May those who curse you be cursed,",para,q1
GEN,27,29,and those who bless you be blessed.”,para,q2
GEN,27,29,Esau’s Lost Hope,para,s1
GEN,27,29,,para,b
GEN,27,30,,verse,v
GEN,27,30,"As soon as Isaac had finished blessing him and Jacob had left his father’s presence, his brother Esau returned from the hunt.",para,m
GEN,27,31,,verse,v
GEN,27,31,"He too made some tasty food, brought it to his father, and said to him, “My father, sit up and eat of your son’s game, so that you may bless me.”",para,m
GEN,27,31,,para,b
GEN,27,32,,verse,v
GEN,27,32,"But his father Isaac replied, “Who are you?”",para,m
GEN,27,32,,para,b
GEN,27,32,"“I am Esau, your firstborn son,” he answered.",para,m
GEN,27,32,,para,b
GEN,27,33,,verse,v
GEN,27,33,"Isaac began to tremble violently and said, “Who was it, then, who hunted the game and brought it to me? Before you came in, I ate it all and blessed him—and indeed, he will be blessed!”",para,m
GEN,27,33,,para,b
GEN,27,34,,verse,v
GEN,27,34,"When Esau heard his father’s words, he let out a loud and bitter cry and said to his father, “Bless me too, O my father!”",para,m
GEN,27,34,,para,b
GEN,27,35,,verse,v
GEN,27,35,"But Isaac replied, “Your brother came deceitfully and took your blessing.”",para,m
GEN,27,35,,para,b
GEN,27,36,,verse,v
GEN,27,36,"So Esau declared, “Is he not rightly named Jacob?",para,m
GEN,27,36,,note,f
GEN,27,36,27:36,char,fr
GEN,27,36,Jacob means he grasps the heel or he deceives.,char,ft
GEN,27,36," For he has cheated me twice. He took my birthright, and now he has taken my blessing.” Then he asked, “Haven’t you saved a blessing for me?”",para,m
GEN,27,36,,para,b
GEN,27,37,,verse,v
GEN,27,37,"But Isaac answered Esau: “Look, I have made him your master and given him all his relatives as servants; I have sustained him with grain and new wine. What is left that I can do for you, my son?”",para,m
GEN,27,37,,para,b
GEN,27,38,,verse,v
GEN,27,38,"Esau said to his father, “Do you have only one blessing, my father? Bless me too, O my father!” Then Esau wept aloud.",para,m
GEN,27,38,,para,b
GEN,27,39,,verse,v
GEN,27,39,His father Isaac answered him:,para,m
GEN,27,39,,para,b
GEN,27,39,"“Behold, your dwelling place shall be",para,q1
GEN,27,39,"away from the richness of the land,",para,q2
GEN,27,39,away from the dew of heaven above.,para,q2
GEN,27,40,,verse,v
GEN,27,40,You shall live by the sword,para,q1
GEN,27,40,and serve your brother.,para,q2
GEN,27,40,"But when you rebel,",para,q1
GEN,27,40,you will tear his yoke from your neck.”,para,q2
GEN,27,40,,para,b
GEN,27,41,,verse,v
GEN,27,41,"Esau held a grudge against Jacob because of the blessing his father had given him. And Esau said in his heart, “The days of mourning for my father are at hand; then I will kill my brother Jacob.”",para,m
GEN,27,41,,para,b
GEN,27,42,,verse,v
GEN,27,42,"When the words of her older son Esau were relayed to Rebekah, she sent for her younger son Jacob and told him, “Look, your brother Esau is consoling himself by plotting to kill you.",para,m
GEN,27,43,,verse,v
GEN,27,43,"So now, my son, obey my voice and flee at once to my brother Laban in Haran.",para,m
GEN,27,44,,verse,v
GEN,27,44,"Stay with him for a while, until your brother’s fury subsides—",para,m
GEN,27,45,,verse,v
GEN,27,45,until your brother’s rage against you wanes and he forgets what you have done to him. Then I will send for you and bring you back from there. Why should I lose both of you in one day?”,para,m
GEN,27,45,,para,b
GEN,27,46,,verse,v
GEN,27,46,"Then Rebekah said to Isaac, “I am weary of my life because of these Hittite women.",para,m
GEN,27,46,,note,f
GEN,27,46,27:46,char,fr
GEN,27,46,Or daughters of Heth,char,ft
GEN,27,46," If Jacob takes a Hittite wife from among them, what good is my life?”",para,m
GEN,28,,,chapter,c
GEN,28,,Jacob’s Departure,para,s1
GEN,28,1,,verse,v
GEN,28,1,"So Isaac called for Jacob and blessed him. “Do not take a wife from the Canaanite women,” he commanded.",para,m
GEN,28,2,,verse,v
GEN,28,2,"“Go at once to Paddan-aram,",para,m
GEN,28,2,,note,f
GEN,28,2,28:2,char,fr
GEN,28,2,"That is, northwest Mesopotamia; also in verses 5, 6, and 7",char,ft
GEN,28,2," to the house of your mother’s father Bethuel, and take a wife from among the daughters of Laban, your mother’s brother.",para,m
GEN,28,3,,verse,v
GEN,28,3,May God Almighty,para,m
GEN,28,3,,note,f
GEN,28,3,28:3,char,fr
GEN,28,3,Hebrew El-Shaddai,char,ft
GEN,28,3," bless you and make you fruitful and multiply you, so that you may become a company of peoples.",para,m
GEN,28,4,,verse,v
GEN,28,4,"And may He give the blessing of Abraham to you and your descendants, so that you may possess the land where you dwell as a foreigner, the land God gave to Abraham.”",para,m
GEN,28,4,,para,b
GEN,28,5,,verse,v
GEN,28,5,"So Isaac sent Jacob to Paddan-aram, to Laban son of Bethuel the Aramean, the brother of Rebekah, who was the mother of Jacob and Esau.",para,m
GEN,28,5,Esau Marries Mahalath,para,s1
GEN,28,5,,para,b
GEN,28,6,,verse,v
GEN,28,6,"Now Esau learned that Isaac had blessed Jacob and sent him to Paddan-aram to take a wife there, commanding him, “Do not marry a Canaanite woman,”",para,m
GEN,28,7,,verse,v
GEN,28,7,and that Jacob had obeyed his father and mother and gone to Paddan-aram.,para,m
GEN,28,7,,para,b
GEN,28,8,,verse,v
GEN,28,8,"And seeing that his father Isaac disapproved of the Canaanite women,",para,m
GEN,28,9,,verse,v
GEN,28,9,"Esau went to Ishmael and married Mahalath, the sister of Nebaioth and daughter of Abraham’s son Ishmael, in addition to the wives he already had.",para,m
GEN,28,9,Jacob’s Ladder,para,s1
GEN,28,9,,para,b
GEN,28,10,,verse,v
GEN,28,10,Meanwhile Jacob left Beersheba and set out for Haran.,para,m
GEN,28,11,,verse,v
GEN,28,11,"On reaching a certain place, he spent the night there because the sun had set. And taking one of the stones from that place, he put it under his head and lay down to sleep.",para,m
GEN,28,11,,para,b
GEN,28,12,,verse,v
GEN,28,12,"And Jacob had a dream about a ladder that rested on the earth with its top reaching up to heaven, and God’s angels were going up and down the ladder.",para,m
GEN,28,13,,verse,v
GEN,28,13,And there at the top,para,m
GEN,28,13,,note,f
GEN,28,13,28:13,char,fr
GEN,28,13,Or there beside him,char,ft
GEN,28,13," the LORD was standing and saying, “I am the LORD, the God of your father Abraham and the God of Isaac. I will give you and your descendants the land on which you now lie.",para,m
GEN,28,14,,verse,v
GEN,28,14,"Your descendants will be like the dust of the earth, and you will spread out to the west and east and north and south. All the families of the earth will be blessed through you and your offspring.",para,m
GEN,28,15,,verse,v
GEN,28,15,"Look, I am with you, and I will watch over you wherever you go, and I will bring you back to this land. For I will not leave you until I have done what I have promised you.”",para,m
GEN,28,15,,para,b
GEN,28,16,,verse,v
GEN,28,16,"When Jacob woke up, he said, “Surely the LORD is in this place, and I was unaware of it.”",para,m
GEN,28,17,,verse,v
GEN,28,17,"And he was afraid and said, “How awesome is this place! This is none other than the house of God; this is the gate of heaven!”",para,m
GEN,28,17,The Stone of Bethel,para,s1
GEN,28,17,,para,b
GEN,28,18,,verse,v
GEN,28,18,"Early the next morning, Jacob took the stone that he had placed under his head, and he set it up as a pillar. He poured oil on top of it,",para,m
GEN,28,19,,verse,v
GEN,28,19,"and he called that place Bethel,",para,m
GEN,28,19,,note,f
GEN,28,19,28:19,char,fr
GEN,28,19,Bethel means house of God.,char,ft
GEN,28,19, though previously the city had been named Luz.,para,m
GEN,28,19,,para,b
GEN,28,20,,verse,v
GEN,28,20,"Then Jacob made a vow, saying, “If God will be with me and watch over me on this journey, and if He will provide me with food to eat and clothes to wear,",para,m
GEN,28,21,,verse,v
GEN,28,21,"so that I may return safely to my father’s house, then the LORD will be my God.",para,m
GEN,28,22,,verse,v
GEN,28,22,"And this stone I have set up as a pillar will be God’s house, and of all that You give me I will surely give You a tenth.”",para,m
GEN,29,,,chapter,c
GEN,29,,Jacob Meets Rachel,para,s1
GEN,29,1,,verse,v
GEN,29,1,Jacob resumed his journey and came to the land of the people of the east.,para,m
GEN,29,2,,verse,v
GEN,29,2,"He looked and saw a well in the field, and near it lay three flocks of sheep, because the sheep were watered from this well. And a large stone covered the mouth of the well.",para,m
GEN,29,3,,verse,v
GEN,29,3,"When all the flocks had been gathered there, the shepherds would roll away the stone from the mouth of the well and water the sheep. Then they would return the stone to its place over the mouth of the well.",para,m
GEN,29,3,,para,b
GEN,29,4,,verse,v
GEN,29,4,"“My brothers,” Jacob asked the shepherds, “where are you from?”",para,m
GEN,29,4,,para,b
GEN,29,4,"“We are from Haran,” they answered.",para,m
GEN,29,4,,para,b
GEN,29,5,,verse,v
GEN,29,5,“Do you know Laban the grandson of Nahor?” Jacob asked.,para,m
GEN,29,5,,para,b
GEN,29,5,"“We know him,” they replied.",para,m
GEN,29,5,,para,b
GEN,29,6,,verse,v
GEN,29,6,“Is he well?” Jacob inquired.,para,m
GEN,29,6,,para,b
GEN,29,6,"“Yes,” they answered, “and here comes his daughter Rachel with his sheep.”",para,m
GEN,29,6,,para,b
GEN,29,7,,verse,v
GEN,29,7,"“Look,” said Jacob, “it is still broad daylight; it is not yet time to gather the livestock. Water the sheep and take them back to pasture.”",para,m
GEN,29,7,,para,b
GEN,29,8,,verse,v
GEN,29,8,"But they replied, “We cannot, until all the flocks have been gathered and the stone has been rolled away from the mouth of the well. Then we will water the sheep.”",para,m
GEN,29,8,,para,b
GEN,29,9,,verse,v
GEN,29,9,"While he was still speaking with them, Rachel arrived with her father’s sheep, for she was a shepherdess.",para,m
GEN,29,10,,verse,v
GEN,29,10,"As soon as Jacob saw Rachel, the daughter of his mother’s brother Laban, with Laban’s sheep, he went up and rolled the stone away from the mouth of the well and watered his uncle’s sheep.",para,m
GEN,29,11,,verse,v
GEN,29,11,Then Jacob kissed Rachel and wept aloud.,para,m
GEN,29,12,,verse,v
GEN,29,12,"He told Rachel that he was Rebekah’s son, a relative of her father, and she ran and told her father.",para,m
GEN,29,12,,para,b
GEN,29,13,,verse,v
GEN,29,13,"When Laban heard the news about his sister’s son Jacob, he ran out to meet him. He embraced him and kissed him and brought him to his home, where Jacob told him all that had happened.",para,m
GEN,29,13,Jacob Marries Leah and Rachel,para,s1
GEN,29,13,,para,b
GEN,29,14,,verse,v
GEN,29,14,"Then Laban declared, “You are indeed my own flesh and blood.”",para,m
GEN,29,14,,para,b
GEN,29,14,"After Jacob had stayed with him a month,",para,m
GEN,29,15,,verse,v
GEN,29,15,"Laban said to him, “Just because you are my relative, should you work for nothing? Tell me what your wages should be.”",para,m
GEN,29,15,,para,b
GEN,29,16,,verse,v
GEN,29,16,"Now Laban had two daughters; the older was named Leah, and the younger was named Rachel.",para,m
GEN,29,17,,verse,v
GEN,29,17,"Leah had weak eyes,",para,m
GEN,29,17,,note,f
GEN,29,17,29:17,char,fr
GEN,29,17,Or had delicate eyes,char,ft
GEN,29,17, but Rachel was shapely and beautiful.,para,m
GEN,29,18,,verse,v
GEN,29,18,"Since Jacob loved Rachel, he answered, “I will serve you seven years for your younger daughter Rachel.”",para,m
GEN,29,18,,para,b
GEN,29,19,,verse,v
GEN,29,19,"Laban replied, “Better that I give her to you than to another. Stay here with me.”",para,m
GEN,29,20,,verse,v
GEN,29,20,"So Jacob served seven years for Rachel, yet it seemed but a few days because of his love for her.",para,m
GEN,29,20,,para,b
GEN,29,21,,verse,v
GEN,29,21,"Finally Jacob said to Laban, “Grant me my wife, for my time is complete, and I want to sleep with her.”",para,m
GEN,29,21,,para,b
GEN,29,22,,verse,v
GEN,29,22,So Laban invited all the men of that place and prepared a feast.,para,m
GEN,29,23,,verse,v
GEN,29,23,"But when evening came, Laban took his daughter Leah and gave her to Jacob, and he slept with her.",para,m
GEN,29,24,,verse,v
GEN,29,24,And Laban gave his servant girl Zilpah to his daughter Leah as her maidservant.,para,m
GEN,29,24,,para,b
GEN,29,25,,verse,v
GEN,29,25,"When morning came, there was Leah! “What have you done to me?” Jacob said to Laban. “Wasn’t it for Rachel that I served you? Why have you deceived me?”",para,m
GEN,29,25,,para,b
GEN,29,26,,verse,v
GEN,29,26,"Laban replied, “It is not our custom here to give the younger daughter in marriage before the older.",para,m
GEN,29,27,,verse,v
GEN,29,27,"Finish this week’s celebration, and we will give you the younger one in return for another seven years of work.”",para,m
GEN,29,27,,para,b
GEN,29,28,,verse,v
GEN,29,28,"And Jacob did just that. He finished the week’s celebration, and Laban gave him his daughter Rachel as his wife.",para,m
GEN,29,29,,verse,v
GEN,29,29,Laban also gave his servant girl Bilhah to his daughter Rachel as her maidservant.,para,m
GEN,29,29,,para,b
GEN,29,30,,verse,v
GEN,29,30,"Jacob slept with Rachel as well, and indeed, he loved Rachel more than Leah. So he worked for Laban another seven years.",para,m
GEN,29,30,"Reuben, Simeon, Levi, and Judah",para,s1
GEN,29,30,,para,b
GEN,29,31,,verse,v
GEN,29,31,"When the LORD saw that Leah was unloved, He opened her womb; but Rachel was barren.",para,m
GEN,29,32,,verse,v
GEN,29,32,"And Leah conceived and gave birth to a son, and she named him Reuben,",para,m
GEN,29,32,,note,f
GEN,29,32,29:32,char,fr
GEN,29,32,"Reuben means Look, a son and also sounds like the Hebrew for He has seen my misery.",char,ft
GEN,29,32," for she said, “The LORD has seen my affliction. Surely my husband will love me now.”",para,m
GEN,29,32,,para,b
GEN,29,33,,verse,v
GEN,29,33,"Again she conceived and gave birth to a son, and she said, “Because the LORD has heard that I am unloved, He has given me this son as well.” So she named him Simeon.",para,m
GEN,29,33,,note,f
GEN,29,33,29:33,char,fr
GEN,29,33,Simeon probably means one who hears.,char,ft
GEN,29,33,,para,m
GEN,29,33,,para,b
GEN,29,34,,verse,v
GEN,29,34,"Once again Leah conceived and gave birth to a son, and she said, “Now at last my husband will become attached to me, because I have borne him three sons.” So he was named Levi.",para,m
GEN,29,34,,note,f
GEN,29,34,29:34,char,fr
GEN,29,34,Levi sounds like the Hebrew for being attached to or feeling affection for.,char,ft
GEN,29,34,,para,m
GEN,29,34,,para,b
GEN,29,35,,verse,v
GEN,29,35,"And once more she conceived and gave birth to a son and said, “This time I will praise the LORD.” So she named him Judah.",para,m
GEN,29,35,,note,f
GEN,29,35,29:35,char,fr
GEN,29,35,Judah sounds like the Hebrew for praise.,char,ft
GEN,29,35, Then Leah stopped having children.,para,m
GEN,30,,,chapter,c
GEN,30,,Dan and Naphtali,para,s1
GEN,30,1,,verse,v
GEN,30,1,"When Rachel saw that she was not bearing any children for Jacob, she envied her sister. “Give me children, or I will die!” she said to Jacob.",para,m
GEN,30,1,,para,b
GEN,30,2,,verse,v
GEN,30,2,"Jacob became angry with Rachel and said, “Am I in the place of God, who has withheld children from you?”",para,m
GEN,30,2,,para,b
GEN,30,3,,verse,v
GEN,30,3,"Then she said, “Here is my maidservant Bilhah. Sleep with her, that she may bear children for me,",para,m
GEN,30,3,,note,f
GEN,30,3,30:3,char,fr
GEN,30,3,Literally bear children on my knees,char,ft
GEN,30,3, so that through her I too can build a family.”,para,m
GEN,30,3,,para,b
GEN,30,4,,verse,v
GEN,30,4,"So Rachel gave Jacob her servant Bilhah as a wife, and he slept with her,",para,m
GEN,30,5,,verse,v
GEN,30,5,and Bilhah conceived and bore him a son.,para,m
GEN,30,6,,verse,v
GEN,30,6,"Then Rachel said, “God has vindicated me; He has heard my plea and given me a son.” So she named him Dan.",para,m
GEN,30,6,,note,f
GEN,30,6,30:6,char,fr
GEN,30,6,Dan means He has judged or He has vindicated.,char,ft
GEN,30,6,,para,m
GEN,30,6,,para,b
GEN,30,7,,verse,v
GEN,30,7,And Rachel’s servant Bilhah conceived again and bore Jacob a second son.,para,m
GEN,30,8,,verse,v
GEN,30,8,"Then Rachel said, “In my great struggles, I have wrestled with my sister and won.” So she named him Naphtali.",para,m
GEN,30,8,,note,f
GEN,30,8,30:8,char,fr
GEN,30,8,Naphtali sounds like the Hebrew for wrestling.,char,ft
GEN,30,8,,para,m
GEN,30,8,Gad and Asher,para,s1
GEN,30,8,,para,b
GEN,30,9,,verse,v
GEN,30,9,"When Leah saw that she had stopped having children, she gave her servant Zilpah to Jacob as a wife.",para,m
GEN,30,10,,verse,v
GEN,30,10,And Leah’s servant Zilpah bore Jacob a son.,para,m
GEN,30,11,,verse,v
GEN,30,11,"Then Leah said, “How fortunate!”",para,m
GEN,30,11,,note,f
GEN,30,11,30:11,char,fr
GEN,30,11,Alternate MT reading (see also LXX); the other alternate reads “A troop is coming!”,char,ft
GEN,30,11, So she named him Gad.,para,m
GEN,30,11,,note,f
GEN,30,11,30:11,char,fr
GEN,30,11,"Gad sounds like the Hebrew for good fortune, or alternately for band of raiders.",char,ft
GEN,30,11,,para,m
GEN,30,11,,para,b
GEN,30,12,,verse,v
GEN,30,12,"When Leah’s servant Zilpah bore Jacob a second son,",para,m
GEN,30,13,,verse,v
GEN,30,13,"Leah said, “How happy I am! For the women call me happy.” So she named him Asher.",para,m
GEN,30,13,,note,f
GEN,30,13,30:13,char,fr
GEN,30,13,Asher means happy.,char,ft
GEN,30,13,,para,m
GEN,30,13,,para,b
GEN,30,14,,verse,v
GEN,30,14,"Now during the wheat harvest, Reuben went out and found some mandrakes in the field. When he brought them to his mother, Rachel begged Leah, “Please give me some of your son’s mandrakes.”",para,m
GEN,30,14,,para,b
GEN,30,15,,verse,v
GEN,30,15,"But Leah replied, “Is it not enough that you have taken away my husband? Now you want to take my son’s mandrakes as well?”",para,m
GEN,30,15,,para,b
GEN,30,15,"“Very well,” said Rachel, “he may sleep with you tonight in exchange for your son’s mandrakes.”",para,m
GEN,30,15,,para,b
GEN,30,16,,verse,v
GEN,30,16,"When Jacob came in from the field that evening, Leah went out to meet him and said, “You must come with me, for I have hired you with my son’s mandrakes.” So he slept with her that night.",para,m
GEN,30,16,"Issachar, Zebulun, and Dinah",para,s1
GEN,30,16,,para,b
GEN,30,17,,verse,v
GEN,30,17,"And God listened to Leah, and she conceived and bore a fifth son to Jacob.",para,m
GEN,30,18,,verse,v
GEN,30,18,"Then Leah said, “God has rewarded me for giving my maidservant to my husband.” So she named him Issachar.",para,m
GEN,30,18,,note,f
GEN,30,18,30:18,char,fr
GEN,30,18,Issachar sounds like the Hebrew for wages or reward.,char,ft
GEN,30,18,,para,m
GEN,30,18,,para,b
GEN,30,19,,verse,v
GEN,30,19,Again Leah conceived and bore a sixth son to Jacob.,para,m
GEN,30,20,,verse,v
GEN,30,20,"“God has given me a good gift,” she said. “This time my husband will honor me, because I have borne him six sons.” And she named him Zebulun.",para,m
GEN,30,20,,note,f
GEN,30,20,30:20,char,fr
GEN,30,20,Zebulun sounds like the Hebrew for honor.,char,ft
GEN,30,20,,para,m
GEN,30,20,,para,b
GEN,30,21,,verse,v
GEN,30,21,"After that, Leah gave birth to a daughter and named her Dinah.",para,m
GEN,30,21,Joseph,para,s1
GEN,30,21,,para,b
GEN,30,22,,verse,v
GEN,30,22,"Then God remembered Rachel. He listened to her and opened her womb,",para,m
GEN,30,23,,verse,v
GEN,30,23,"and she conceived and gave birth to a son. “God has taken away my shame,” she said.",para,m
GEN,30,24,,verse,v
GEN,30,24,"She named him Joseph,",para,m
GEN,30,24,,note,f
GEN,30,24,30:24,char,fr
GEN,30,24,Joseph means may He add.,char,ft
GEN,30,24," and said, “May the LORD add to me another son.”",para,m
GEN,30,24,Jacob Prospers,para,s1
GEN,30,24,,para,b
GEN,30,25,,verse,v
GEN,30,25,"Now after Rachel had given birth to Joseph, Jacob said to Laban, “Send me on my way so I can return to my homeland.",para,m
GEN,30,26,,verse,v
GEN,30,26,"Give me my wives and children for whom I have served you, that I may go on my way. You know how hard I have worked for you.”",para,m
GEN,30,26,,para,b
GEN,30,27,,verse,v
GEN,30,27,"But Laban replied, “If I have found favor in your eyes, please stay. I have learned by divination that the LORD has blessed me because of you.”",para,m
GEN,30,28,,verse,v
GEN,30,28,"And he added, “Name your wages, and I will pay them.”",para,m
GEN,30,28,,para,b
GEN,30,29,,verse,v
GEN,30,29,"Then Jacob answered, “You know how I have served you and how your livestock have thrived under my care.",para,m
GEN,30,30,,verse,v
GEN,30,30,"Indeed, you had very little before my arrival, but now your wealth has increased many times over. The LORD has blessed you wherever I set foot. But now, when may I also provide for my own household?”",para,m
GEN,30,30,,para,b
GEN,30,31,,verse,v
GEN,30,31,“What can I give you?” Laban asked.,para,m
GEN,30,31,,para,b
GEN,30,31,"“You do not need to give me anything,” Jacob replied. “If you do this one thing for me, I will keep on shepherding and keeping your flocks.",para,m
GEN,30,32,,verse,v
GEN,30,32,"Let me go through all your flocks today and remove from them every speckled or spotted sheep, every dark-colored lamb, and every spotted or speckled goat. These will be my wages.",para,m
GEN,30,33,,verse,v
GEN,30,33,"So my honesty will testify for me when you come to check on my wages in the future. If I have any goats that are not speckled or spotted, or any lambs that are not dark-colored, they will be considered stolen.”",para,m
GEN,30,33,,para,b
GEN,30,34,,verse,v
GEN,30,34,"“Agreed,” said Laban. “Let it be as you have said.”",para,m
GEN,30,34,,para,b
GEN,30,35,,verse,v
GEN,30,35,"That very day Laban removed all the streaked or spotted male goats and every speckled or spotted female goat—every one that had any white on it—and every dark-colored lamb, and he placed them under the care of his sons.",para,m
GEN,30,36,,verse,v
GEN,30,36,"Then he put a three-day journey between himself and Jacob, while Jacob was shepherding the rest of Laban’s flocks.",para,m
GEN,30,36,,para,b
GEN,30,37,,verse,v
GEN,30,37,"Jacob, however, took fresh branches of poplar, almond, and plane trees, and peeled the bark, exposing the white inner wood of the branches.",para,m
GEN,30,38,,verse,v
GEN,30,38,"Then he set the peeled branches in the watering troughs in front of the flocks coming in to drink. So when the flocks were in heat and came to drink,",para,m
GEN,30,39,,verse,v
GEN,30,39,they mated in front of the branches. And they bore young that were streaked or speckled or spotted.,para,m
GEN,30,40,,verse,v
GEN,30,40,"Jacob set apart the young, but made the rest face the streaked dark-colored sheep in Laban’s flocks. Then he set his own stock apart and did not put them with Laban’s animals.",para,m
GEN,30,40,,para,b
GEN,30,41,,verse,v
GEN,30,41,"Whenever the stronger females of the flock were in heat, Jacob would place the branches in the troughs, in full view of the animals, so that they would breed in front of the branches.",para,m
GEN,30,42,,verse,v
GEN,30,42,"But if the animals were weak, he did not set out the branches. So the weaker animals went to Laban and the stronger ones to Jacob.",para,m
GEN,30,42,,para,b
GEN,30,43,,verse,v
GEN,30,43,"Thus Jacob became exceedingly prosperous. He owned large flocks, maidservants and menservants, and camels and donkeys.",para,m
GEN,31,,,chapter,c
GEN,31,,Jacob Flees from Laban,para,s1
GEN,31,1,,verse,v
GEN,31,1,"Now Jacob heard that Laban’s sons were saying, “Jacob has taken away all that belonged to our father and built all this wealth at our father’s expense.”",para,m
GEN,31,2,,verse,v
GEN,31,2,And Jacob saw from the countenance of Laban that his attitude toward him had changed.,para,m
GEN,31,2,,para,b
GEN,31,3,,verse,v
GEN,31,3,"Then the LORD said to Jacob, “Go back to the land of your fathers and to your kindred, and I will be with you.”",para,m
GEN,31,3,,para,b
GEN,31,4,,verse,v
GEN,31,4,"So Jacob sent word and called Rachel and Leah to the field where his flocks were,",para,m
GEN,31,5,,verse,v
GEN,31,5,"and he told them, “I can see from your father’s countenance that his attitude toward me has changed; but the God of my father has been with me.",para,m
GEN,31,6,,verse,v
GEN,31,6,You know that I have served your father with all my strength.,para,m
GEN,31,7,,verse,v
GEN,31,7,"And although he has cheated me and changed my wages ten times, God has not allowed him to harm me.",para,m
GEN,31,8,,verse,v
GEN,31,8,"If he said, ‘The speckled will be your wages,’ then the whole flock bore speckled offspring. If he said, ‘The streaked will be your wages,’ then the whole flock bore streaked offspring.",para,m
GEN,31,9,,verse,v
GEN,31,9,Thus God has taken away your father’s livestock and given them to me.,para,m
GEN,31,9,,para,b
GEN,31,10,,verse,v
GEN,31,10,"When the flocks were breeding, I saw in a dream that the streaked, spotted, and speckled males were mating with the females.",para,m
GEN,31,11,,verse,v
GEN,31,11,In that dream the angel,para,m
GEN,31,11,,note,f
GEN,31,11,31:11,char,fr
GEN,31,11,Or Angel,char,ft
GEN,31,11," of God said to me, ‘Jacob!’",para,m
GEN,31,11,,para,b
GEN,31,11,"And I replied, ‘Here I am.’",para,m
GEN,31,11,,para,b
GEN,31,12,,verse,v
GEN,31,12,"‘Look up,’ he said, ‘and see that all the males that are mating with the flock are streaked, spotted, or speckled; for I have seen all that Laban has done to you.",para,m
GEN,31,13,,verse,v
GEN,31,13,"I am the God of Bethel, where you anointed the pillar and made a solemn vow to Me. Now get up, leave this land at once, and return to your native land.’”",para,m
GEN,31,13,,para,b
GEN,31,14,,verse,v
GEN,31,14,"And Rachel and Leah replied, “Do we have any portion or inheritance left in our father’s house?",para,m
GEN,31,15,,verse,v
GEN,31,15,"Are we not regarded by him as outsiders? Not only has he sold us, but he has certainly squandered what was paid for us.",para,m
GEN,31,16,,verse,v
GEN,31,16,Surely all the wealth that God has taken away from our father belongs to us and to our children. So do whatever God has told you.”,para,m
GEN,31,16,,para,b
GEN,31,17,,verse,v
GEN,31,17,"Then Jacob got up and put his children and his wives on camels,",para,m
GEN,31,18,,verse,v
GEN,31,18,"and he drove all his livestock before him, along with all the possessions he had acquired in Paddan-aram,",para,m
GEN,31,18,,note,f
GEN,31,18,31:18,char,fr
GEN,31,18,"That is, northwest Mesopotamia",char,ft
GEN,31,18, to go to his father Isaac in the land in Canaan.,para,m
GEN,31,18,,para,b
GEN,31,19,,verse,v
GEN,31,19,"Now while Laban was out shearing his sheep, Rachel stole her father’s household idols.",para,m
GEN,31,20,,verse,v
GEN,31,20,"Moreover, Jacob deceived",para,m
GEN,31,20,,note,f
GEN,31,20,31:20,char,fr
GEN,31,20,Or stole the heart of; also in verses 26 and 27,char,ft
GEN,31,20, Laban the Aramean by not telling him that he was running away.,para,m
GEN,31,21,,verse,v
GEN,31,21,"So he fled with all his possessions, crossed the Euphrates,",para,m
GEN,31,21,,note,f
GEN,31,21,31:21,char,fr
GEN,31,21,Hebrew the River,char,ft
GEN,31,21, and headed for the hill country of Gilead.,para,m
GEN,31,21,Laban Pursues Jacob,para,s1
GEN,31,21,,para,b
GEN,31,22,,verse,v
GEN,31,22,On the third day Laban was informed that Jacob had fled.,para,m
GEN,31,23,,verse,v
GEN,31,23,"So he took his relatives with him, pursued Jacob for seven days, and overtook him in the hill country of Gilead.",para,m
GEN,31,24,,verse,v
GEN,31,24,"But that night God came to Laban the Aramean in a dream and warned him, “Be careful not to say anything to Jacob, either good or bad.”",para,m
GEN,31,24,,para,b
GEN,31,25,,verse,v
GEN,31,25,"Now Jacob had pitched his tent in the hill country of Gilead when Laban overtook him, and Laban and his relatives camped there as well.",para,m
GEN,31,26,,verse,v
GEN,31,26,"Then Laban said to Jacob, “What have you done? You have deceived me and carried off my daughters like captives of war!",para,m
GEN,31,27,,verse,v
GEN,31,27,"Why did you run away secretly and deceive me, without even telling me? I would have sent you away with joy and singing, with tambourines and harps.",para,m
GEN,31,28,,verse,v
GEN,31,28,But you did not even let me kiss my grandchildren and my daughters goodbye. Now you have done a foolish thing.,para,m
GEN,31,28,,para,b
GEN,31,29,,verse,v
GEN,31,29,"I have power to do you great harm, but last night the God of your father said to me, ‘Be careful not to say anything to Jacob, either good or bad.’",para,m
GEN,31,30,,verse,v
GEN,31,30,Now you have gone off because you long for your father’s house. But why have you stolen my gods?”,para,m
GEN,31,30,,para,b
GEN,31,31,,verse,v
GEN,31,31,"“I was afraid,” Jacob answered, “for I thought you would take your daughters from me by force.",para,m
GEN,31,32,,verse,v
GEN,31,32,"If you find your gods with anyone here, he shall not live! In the presence of our relatives, see for yourself if anything is yours, and take it back.” For Jacob did not know that Rachel had stolen the idols.",para,m
GEN,31,32,,para,b
GEN,31,33,,verse,v
GEN,31,33,"So Laban went into Jacob’s tent, then Leah’s tent, and then the tents of the two maidservants, but he found nothing. Then he left Leah’s tent and entered Rachel’s tent.",para,m
GEN,31,34,,verse,v
GEN,31,34,"Now Rachel had taken Laban’s household idols, put them in the saddlebag of her camel, and was sitting on them. And Laban searched everything in the tent but found nothing.",para,m
GEN,31,34,,para,b
GEN,31,35,,verse,v
GEN,31,35,"Rachel said to her father, “Sir, do not be angry that I cannot stand up before you; for I am having my period.” So Laban searched but could not find the household idols.",para,m
GEN,31,35,,para,b
GEN,31,36,,verse,v
GEN,31,36,Then Jacob became incensed and challenged Laban. “What is my crime?” he said. “For what sin of mine have you so hotly pursued me?,para,m
GEN,31,37,,verse,v
GEN,31,37,"You have searched all my goods! Have you found anything that belongs to you? Put it here before my brothers and yours, that they may judge between the two of us.",para,m
GEN,31,37,,para,b
GEN,31,38,,verse,v
GEN,31,38,"I have been with you for twenty years now. Your sheep and goats have not miscarried, nor have I eaten the rams of your flock.",para,m
GEN,31,39,,verse,v
GEN,31,39,I did not bring you anything torn by wild beasts; I bore the loss myself. And you demanded payment from me for what was stolen by day or night.,para,m
GEN,31,40,,verse,v
GEN,31,40,"As it was, the heat consumed me by day and the frost by night, and sleep fled from my eyes.",para,m
GEN,31,40,,para,b
GEN,31,41,,verse,v
GEN,31,41,Thus for twenty years I have served in your household—fourteen years for your two daughters and six years for your flocks—and you have changed my wages ten times!,para,m
GEN,31,42,,verse,v
GEN,31,42,"If the God of my father, the God of Abraham and the Fear of Isaac, had not been with me, surely by now you would have sent me away empty-handed. But God has seen my affliction and the toil of my hands, and last night He rendered judgment.”",para,m
GEN,31,42,Jacob’s Covenant with Laban,para,s1
GEN,31,42,,para,b
GEN,31,43,,verse,v
GEN,31,43,"But Laban answered Jacob, “These daughters are my daughters, these sons are my sons, and these flocks are my flocks! Everything you see is mine! Yet what can I do today about these daughters of mine or the children they have borne?",para,m
GEN,31,44,,verse,v
GEN,31,44,"Come now, let us make a covenant, you and I, and let it serve as a witness between you and me.”",para,m
GEN,31,44,,para,b
GEN,31,45,,verse,v
GEN,31,45,"So Jacob picked out a stone and set it up as a pillar,",para,m
GEN,31,46,,verse,v
GEN,31,46,"and he said to his relatives, “Gather some stones.” So they took stones and made a mound, and there by the mound they ate.",para,m
GEN,31,47,,verse,v
GEN,31,47,"Laban called it Jegar-sahadutha, and Jacob called it Galeed.",para,m
GEN,31,47,,note,f
GEN,31,47,31:47,char,fr
GEN,31,47,The Aramaic Jegar-sahadutha and the Hebrew Galeed both mean heap of witnesses.,char,ft
GEN,31,47,,para,m
GEN,31,47,,para,b
GEN,31,48,,verse,v
GEN,31,48,"Then Laban declared, “This mound is a witness between you and me this day.”",para,m
GEN,31,48,,para,b
GEN,31,48,Therefore the place was called Galeed.,para,m
GEN,31,49,,verse,v
GEN,31,49,"It was also called Mizpah,",para,m
GEN,31,49,,note,f
GEN,31,49,31:49,char,fr
GEN,31,49,Mizpah means watchtower.,char,ft
GEN,31,49," because Laban said, “May the LORD keep watch between you and me when we are absent from each other.",para,m
GEN,31,50,,verse,v
GEN,31,50,"If you mistreat my daughters or take other wives, although no one is with us, remember that God is a witness between you and me.”",para,m
GEN,31,50,,para,b
GEN,31,51,,verse,v
GEN,31,51,"Laban also said to Jacob, “Here is the mound, and here is the pillar I have set up between you and me.",para,m
GEN,31,52,,verse,v
GEN,31,52,"This mound is a witness, and this pillar is a witness, that I will not go past this mound to harm you, and you will not go past this mound and pillar to harm me.",para,m
GEN,31,53,,verse,v
GEN,31,53,"May the God of Abraham and the God of Nahor, the God of their father, judge between us.”",para,m
GEN,31,53,,para,b
GEN,31,53,So Jacob swore by the Fear of his father Isaac.,para,m
GEN,31,53,,para,b
GEN,31,54,,verse,v
GEN,31,54,"Then Jacob offered a sacrifice on the mountain and invited his relatives to eat a meal. And after they had eaten, they spent the night on the mountain.",para,m
GEN,31,55,,verse,v
GEN,31,55,"Early the next morning, Laban got up and kissed his grandchildren and daughters and blessed them. Then he left to return home.",para,m
GEN,32,,,chapter,c
GEN,32,,Jacob Prepares to Meet Esau,para,s1
GEN,32,1,,verse,v
GEN,32,1,"Jacob also went on his way, and the angels of God met him.",para,m
GEN,32,2,,verse,v
GEN,32,2,"When Jacob saw them, he said, “This is the camp of God.” So he named that place Mahanaim.",para,m
GEN,32,2,,note,f
GEN,32,2,32:2,char,fr
GEN,32,2,Mahanaim means two camps.,char,ft
GEN,32,2,,para,m
GEN,32,2,,para,b
GEN,32,3,,verse,v
GEN,32,3,"Jacob sent messengers ahead of him to his brother Esau in the land of Seir, the country of Edom.",para,m
GEN,32,4,,verse,v
GEN,32,4,"He instructed them, “You are to say to my master Esau, ‘Your servant Jacob says: I have been staying with Laban and have remained there until now.",para,m
GEN,32,5,,verse,v
GEN,32,5,"I have oxen, donkeys, flocks, menservants, and maidservants. I have sent this message to inform my master, so that I may find favor in your sight.’”",para,m
GEN,32,5,,para,b
GEN,32,6,,verse,v
GEN,32,6,"When the messengers returned to Jacob, they said, “We went to your brother Esau, and now he is coming to meet you—he and four hundred men with him.”",para,m
GEN,32,6,,para,b
GEN,32,7,,verse,v
GEN,32,7,"In great fear and distress, Jacob divided his people into two camps, as well as the flocks and herds and camels.",para,m
GEN,32,8,,verse,v
GEN,32,8,"He thought, “If Esau comes and attacks one camp, then the other camp can escape.”",para,m
GEN,32,8,,para,b
GEN,32,9,,verse,v
GEN,32,9,"Then Jacob declared, “O God of my father Abraham, God of my father Isaac, the LORD who told me, ‘Go back to your country and to your kindred, and I will make you prosper,’",para,m
GEN,32,10,,verse,v
GEN,32,10,"I am unworthy of all the kindness and faithfulness You have shown Your servant. Indeed, with only my staff I came across the Jordan, but now I have become two camps.",para,m
GEN,32,11,,verse,v
GEN,32,11,"Please deliver me from the hand of my brother Esau, for I am afraid that he may come and attack me and the mothers and children with me.",para,m
GEN,32,12,,verse,v
GEN,32,12,"But You have said, ‘I will surely make you prosper, and I will make your offspring like the sand of the sea, too numerous to count.’”",para,m
GEN,32,12,,para,b
GEN,32,13,,verse,v
GEN,32,13,"Jacob spent the night there, and from what he had brought with him, he selected a gift for his brother Esau:",para,m
GEN,32,14,,verse,v
GEN,32,14,"200 female goats, 20 male goats, 200 ewes, 20 rams,",para,m
GEN,32,15,,verse,v
GEN,32,15,"30 milk camels with their young, 40 cows, 10 bulls, 20 female donkeys, and 10 male donkeys.",para,m
GEN,32,16,,verse,v
GEN,32,16,"He entrusted them to his servants in separate herds and told them, “Go on ahead of me, and keep some distance between the herds.”",para,m
GEN,32,16,,para,b
GEN,32,17,,verse,v
GEN,32,17,"He instructed the one in the lead, “When my brother Esau meets you and asks, ‘To whom do you belong, where are you going, and whose animals are these before you?’",para,m
GEN,32,18,,verse,v
GEN,32,18,"then you are to say, ‘They belong to your servant Jacob. They are a gift, sent to my lord Esau. And behold, Jacob is behind us.’”",para,m
GEN,32,18,,para,b
GEN,32,19,,verse,v
GEN,32,19,"He also instructed the second, the third, and all those following behind the herds: “When you meet Esau, you are to say the same thing to him.",para,m
GEN,32,20,,verse,v
GEN,32,20,"You are also to say, ‘Look, your servant Jacob is right behind us.’” For he thought, “I will appease Esau",para,m
GEN,32,20,,note,f
GEN,32,20,32:20,char,fr
GEN,32,20,Or I will appease his face,char,ft
GEN,32,20," with the gift that is going before me. After that I can face him, and perhaps he will accept me.",para,m
GEN,32,20,,note,f
GEN,32,20,32:20,char,fr
GEN,32,20,Literally perhaps he will lift up my face,char,ft
GEN,32,20,”,para,m
GEN,32,20,,para,b
GEN,32,21,,verse,v
GEN,32,21,"So Jacob’s gifts went on before him, while he spent the night in the camp.",para,m
GEN,32,21,Jacob Wrestles with God,para,s1
GEN,32,21,,para,b
GEN,32,22,,verse,v
GEN,32,22,"During the night Jacob got up and took his two wives, his two maidservants, and his eleven sons, and crossed the ford of the Jabbok.",para,m
GEN,32,23,,verse,v
GEN,32,23,"He took them and sent them across the stream, along with all his possessions.",para,m
GEN,32,23,,para,b
GEN,32,24,,verse,v
GEN,32,24,"So Jacob was left all alone, and there a man",para,m
GEN,32,24,,note,f
GEN,32,24,32:24,char,fr
GEN,32,24,Or Man; here and in verses 25–28; corresponding pronouns may also be capitalized,char,ft
GEN,32,24, wrestled with him until daybreak.,para,m
GEN,32,25,,verse,v
GEN,32,25,"When the man saw that he could not overpower Jacob, he struck the socket of Jacob’s hip and dislocated it as they wrestled.",para,m
GEN,32,26,,verse,v
GEN,32,26,"Then the man said, “Let me go, for it is daybreak.”",para,m
GEN,32,26,,para,b
GEN,32,26,"But Jacob replied, “I will not let you go unless you bless me.”",para,m
GEN,32,26,,para,b
GEN,32,27,,verse,v
GEN,32,27,“What is your name?” the man asked.,para,m
GEN,32,27,,para,b
GEN,32,27,"“Jacob,” he replied.",para,m
GEN,32,27,,para,b
GEN,32,28,,verse,v
GEN,32,28,"Then the man said, “Your name will no longer be Jacob,",para,m
GEN,32,28,,note,f
GEN,32,28,32:28,char,fr
GEN,32,28,Jacob means he grasps the heel or he deceives.,char,ft
GEN,32,28," but Israel,",para,m
GEN,32,28,,note,f
GEN,32,28,32:28,char,fr
GEN,32,28,Israel means he struggles with God.,char,ft
GEN,32,28," because you have struggled with God and with men, and you have prevailed.”",para,m
GEN,32,28,,para,b
GEN,32,29,,verse,v
GEN,32,29,"And Jacob requested, “Please tell me your name.”",para,m
GEN,32,29,,para,b
GEN,32,29,"But he replied, “Why do you ask my name?” Then he blessed Jacob there.",para,m
GEN,32,29,,para,b
GEN,32,30,,verse,v
GEN,32,30,"So Jacob named the place Peniel,",para,m
GEN,32,30,,note,f
GEN,32,30,32:30,char,fr
GEN,32,30,Peniel means the face of God.,char,ft
GEN,32,30," saying, “Indeed, I have seen God face to face, and yet my life was spared.”",para,m
GEN,32,30,,para,b
GEN,32,31,,verse,v
GEN,32,31,"The sun rose above him as he passed by Penuel,",para,m
GEN,32,31,,note,f
GEN,32,31,32:31,char,fr
GEN,32,31,Penuel is a variant of Peniel; see verse 30.,char,ft
GEN,32,31, and he was limping because of his hip.,para,m
GEN,32,32,,verse,v
GEN,32,32,"Therefore to this day the Israelites do not eat the tendon attached to the socket of the hip, because the socket of Jacob’s hip was struck near that tendon.",para,m
GEN,33,,,chapter,c
GEN,33,,Jacob Meets Esau,para,s1
GEN,33,1,,verse,v
GEN,33,1,"Now Jacob looked up and saw Esau coming toward him with four hundred men. So he divided the children among Leah, Rachel, and the two maidservants.",para,m
GEN,33,2,,verse,v
GEN,33,2,"He put the maidservants and their children in front, Leah and her children next, and Rachel and Joseph at the rear.",para,m
GEN,33,3,,verse,v
GEN,33,3,But Jacob himself went on ahead and bowed to the ground seven times as he approached his brother.,para,m
GEN,33,3,,para,b
GEN,33,4,,verse,v
GEN,33,4,"Esau, however, ran to him and embraced him, threw his arms around his neck, and kissed him. And they both wept.",para,m
GEN,33,4,,para,b
GEN,33,5,,verse,v
GEN,33,5,"When Esau looked up and saw the women and children, he asked, “Who are these with you?”",para,m
GEN,33,5,,para,b
GEN,33,5,"Jacob answered, “These are the children God has graciously given your servant.”",para,m
GEN,33,6,,verse,v
GEN,33,6,Then the maidservants and their children approached and bowed down.,para,m
GEN,33,7,,verse,v
GEN,33,7,"Leah and her children also approached and bowed down, and then Joseph and Rachel approached and bowed down.",para,m
GEN,33,7,,para,b
GEN,33,8,,verse,v
GEN,33,8,“What do you mean by sending this whole company to meet me?” asked Esau.,para,m
GEN,33,8,,para,b
GEN,33,8,"“To find favor in your sight, my lord,” Jacob answered.",para,m
GEN,33,8,,para,b
GEN,33,9,,verse,v
GEN,33,9,"“I already have plenty, my brother,” Esau replied. “Keep what belongs to you.”",para,m
GEN,33,9,,para,b
GEN,33,10,,verse,v
GEN,33,10,"But Jacob insisted, “No, please! If I have found favor in your sight, then receive this gift from my hand. For indeed, I have seen your face, and it is like seeing the face of God, since you have received me favorably.",para,m
GEN,33,11,,verse,v
GEN,33,11,Please accept my gift,para,m
GEN,33,11,,note,f
GEN,33,11,33:11,char,fr
GEN,33,11,Or blessing or treaty of peace,char,ft
GEN,33,11," that was brought to you, because God has been gracious to me and I have all I need.” So Jacob pressed him until he accepted.",para,m
GEN,33,11,,para,b
GEN,33,12,,verse,v
GEN,33,12,"Then Esau said, “Let us be on our way, and I will go ahead of you.”",para,m
GEN,33,12,,para,b
GEN,33,13,,verse,v
GEN,33,13,"But Jacob replied, “My lord knows that the children are frail, and I must care for sheep and cattle that are nursing their young. If they are driven hard for even a day, all the animals will die.",para,m
GEN,33,14,,verse,v
GEN,33,14,"Please let my lord go ahead of his servant. I will continue on slowly, at a comfortable pace for the livestock and children, until I come to my lord at Seir.”",para,m
GEN,33,14,,para,b
GEN,33,15,,verse,v
GEN,33,15,"“Let me leave some of my people with you,” Esau said.",para,m
GEN,33,15,,para,b
GEN,33,15,"But Jacob replied, “Why do that? Let me find favor in the sight of my lord.”",para,m
GEN,33,15,,para,b
GEN,33,16,,verse,v
GEN,33,16,"So that day Esau started on his way back to Seir,",para,m
GEN,33,17,,verse,v
GEN,33,17,"but Jacob went on to Succoth,",para,m
GEN,33,17,,note,f
GEN,33,17,33:17,char,fr
GEN,33,17,Succoth means booths or shelters or tabernacles; twice in this verse.,char,ft
GEN,33,17, where he built a house for himself and shelters for his livestock; that is why the place was called Succoth.,para,m
GEN,33,17,Jacob Settles in Shechem,para,s1
GEN,33,17,,para,b
GEN,33,18,,verse,v
GEN,33,18,"After Jacob had come from Paddan-aram,",para,m
GEN,33,18,,note,f
GEN,33,18,33:18,char,fr
GEN,33,18,"That is, northwest Mesopotamia",char,ft
GEN,33,18," he arrived safely at the city of Shechem in the land of Canaan, and he camped just outside the city.",para,m
GEN,33,19,,verse,v
GEN,33,19,"And the plot of ground where he pitched his tent, he purchased from the sons of Hamor, Shechem’s father, for a hundred pieces of silver.",para,m
GEN,33,19,,note,f
GEN,33,19,33:19,char,fr
GEN,33,19,Hebrew a hundred kesitahs; the value or weight of the kesitah is no longer known,char,ft
GEN,33,19,,para,m
GEN,33,20,,verse,v
GEN,33,20,There he set up an altar and called it El-Elohe-Israel.,para,m
GEN,33,20,,note,f
GEN,33,20,33:20,char,fr
GEN,33,20,El-Elohe-Israel means God is the God of Israel or mighty is the God of Israel.,char,ft
GEN,33,20,,para,m
GEN,34,,,chapter,c
GEN,34,,The Defiling of Dinah,para,s1
GEN,34,1,,verse,v
GEN,34,1,"Now Dinah, the daughter Leah had borne to Jacob, went out to visit the daughters of the land.",para,m
GEN,34,2,,verse,v
GEN,34,2,"When Shechem son of Hamor the Hivite, the prince of the region, saw her, he took her and lay with her by force.",para,m
GEN,34,3,,verse,v
GEN,34,3,"And his soul was drawn to Dinah, the daughter of Jacob. He loved the young girl and spoke to her tenderly.",para,m
GEN,34,4,,verse,v
GEN,34,4,"So Shechem told his father Hamor, “Get me this girl as a wife.”",para,m
GEN,34,4,,para,b
GEN,34,5,,verse,v
GEN,34,5,"Jacob heard that Shechem had defiled his daughter Dinah, but since his sons were with his livestock in the field, he remained silent about it until they returned.",para,m
GEN,34,6,,verse,v
GEN,34,6,"Meanwhile, Shechem’s father Hamor came to speak with Jacob.",para,m
GEN,34,7,,verse,v
GEN,34,7,"When Jacob’s sons heard what had happened, they returned from the field. They were filled with grief and fury, because Shechem had committed an outrage in Israel",para,m
GEN,34,7,,note,f
GEN,34,7,34:7,char,fr
GEN,34,7,Or against Israel,char,ft
GEN,34,7, by lying with Jacob’s daughter—a thing that should not be done.,para,m
GEN,34,7,,para,b
GEN,34,8,,verse,v
GEN,34,8,"But Hamor said to them, “My son Shechem longs for your daughter. Please give her to him as his wife.",para,m
GEN,34,9,,verse,v
GEN,34,9,Intermarry with us; give us your daughters and take our daughters for yourselves.,para,m
GEN,34,10,,verse,v
GEN,34,10,"You may settle among us, and the land will be open to you. Live here, move about freely, and acquire your own property.”",para,m
GEN,34,10,,para,b
GEN,34,11,,verse,v
GEN,34,11,"Then Shechem said to Dinah’s father and brothers, “Grant me this favor, and I will give you whatever you ask.",para,m
GEN,34,12,,verse,v
GEN,34,12,"Demand a high dowry and an expensive gift, and I will give you whatever you ask. Only give me the girl as my wife!”",para,m
GEN,34,12,The Revenge of Dinah’s Brothers,para,s1
GEN,34,12,,para,b
GEN,34,13,,verse,v
GEN,34,13,"But because Shechem had defiled their sister Dinah, Jacob’s sons answered him and his father Hamor deceitfully.",para,m
GEN,34,14,,verse,v
GEN,34,14,"“We cannot do such a thing,” they said. “To give our sister to an uncircumcised man would be a disgrace to us.",para,m
GEN,34,15,,verse,v
GEN,34,15,"We will consent to this on one condition, that you become circumcised like us—every one of your males.",para,m
GEN,34,16,,verse,v
GEN,34,16,Then we will give you our daughters and take your daughters for ourselves. We will dwell among you and become one people.,para,m
GEN,34,17,,verse,v
GEN,34,17,"But if you will not agree to be circumcised, then we will take our sister and go.”",para,m
GEN,34,17,,para,b
GEN,34,18,,verse,v
GEN,34,18,Their offer seemed good to Hamor and his son Shechem.,para,m
GEN,34,19,,verse,v
GEN,34,19,"The young man, who was the most respected of all his father’s household, did not hesitate to fulfill this request, because he was delighted with Jacob’s daughter.",para,m
GEN,34,19,,para,b
GEN,34,20,,verse,v
GEN,34,20,So Hamor and his son Shechem went to the gate of their city and addressed the men of their city:,para,m
GEN,34,21,,verse,v
GEN,34,21,"“These men are at peace with us. Let them live and trade in our land; indeed, it is large enough for them. Let us take their daughters in marriage and give our daughters to them.",para,m
GEN,34,22,,verse,v
GEN,34,22,But only on this condition will the men agree to dwell with us and be one people: if all our men are circumcised as they are.,para,m
GEN,34,23,,verse,v
GEN,34,23,"Will not their livestock, their possessions, and all their animals become ours? Only let us consent to them, and they will dwell among us.”",para,m
GEN,34,23,,para,b
GEN,34,24,,verse,v
GEN,34,24,"All the men who went out of the city gate listened to Hamor and his son Shechem, and every male of the city was circumcised.",para,m
GEN,34,24,,para,b
GEN,34,25,,verse,v
GEN,34,25,"Three days later, while they were still in pain, two of Jacob’s sons (Dinah’s brothers Simeon and Levi) took their swords, went into the unsuspecting city, and slaughtered every male.",para,m
GEN,34,26,,verse,v
GEN,34,26,"They killed Hamor and his son Shechem with their swords, took Dinah out of Shechem’s house, and went away.",para,m
GEN,34,26,,para,b
GEN,34,27,,verse,v
GEN,34,27,"Jacob’s other sons came upon the slaughter and looted the city, because their sister had been defiled.",para,m
GEN,34,28,,verse,v
GEN,34,28,"They took their flocks and herds and donkeys, and everything else in the city or in the field.",para,m
GEN,34,29,,verse,v
GEN,34,29,"They carried off all their possessions and women and children, and they plundered everything in their houses.",para,m
GEN,34,29,,para,b
GEN,34,30,,verse,v
GEN,34,30,"Then Jacob said to Simeon and Levi, “You have brought trouble upon me by making me a stench to the Canaanites and Perizzites, the people of this land. We are few in number; if they unite against me and attack me, I and my household will be destroyed.”",para,m
GEN,34,30,,para,b
GEN,34,31,,verse,v
GEN,34,31,"But they replied, “Should he have treated our sister like a prostitute?”",para,m
GEN,35,,,chapter,c
GEN,35,,Jacob Returns to Bethel,para,s1
GEN,35,1,,verse,v
GEN,35,1,"Then God said to Jacob, “Arise, go up to Bethel, and settle there. Build an altar there to the God who appeared to you when you fled from your brother Esau.”",para,m
GEN,35,1,,para,b
GEN,35,2,,verse,v
GEN,35,2,"So Jacob told his household and all who were with him, “Get rid of the foreign gods that are among you. Purify yourselves and change your garments.",para,m
GEN,35,3,,verse,v
GEN,35,3,"Then let us arise and go to Bethel. I will build an altar there to God, who answered me in my day of distress. He has been with me wherever I have gone.”",para,m
GEN,35,3,,para,b
GEN,35,4,,verse,v
GEN,35,4,"So they gave Jacob all their foreign gods and all their earrings, and Jacob buried them under the oak",para,m
GEN,35,4,,note,f
GEN,35,4,35:4,char,fr
GEN,35,4,Or terebinth or great tree,char,ft
GEN,35,4, near Shechem.,para,m
GEN,35,4,,para,b
GEN,35,5,,verse,v
GEN,35,5,"As they set out, a terror from God fell over the surrounding cities, so that they did not pursue Jacob’s sons.",para,m
GEN,35,6,,verse,v
GEN,35,6,"So Jacob and everyone with him arrived in Luz (that is, Bethel) in the land of Canaan.",para,m
GEN,35,7,,verse,v
GEN,35,7,"There Jacob built an altar, and he called that place El-bethel,",para,m
GEN,35,7,,note,f
GEN,35,7,35:7,char,fr
GEN,35,7,El-bethel means God of Bethel.,char,ft
GEN,35,7, because it was there that God had revealed Himself to Jacob as he fled from his brother.,para,m
GEN,35,7,,para,b
GEN,35,8,,verse,v
GEN,35,8,"Now Deborah, Rebekah’s nurse, died and was buried under the oak",para,m
GEN,35,8,,note,f
GEN,35,8,35:8,char,fr
GEN,35,8,Or great tree,char,ft
GEN,35,8, below Bethel. So Jacob named it Allon-bacuth.,para,m
GEN,35,8,,note,f
GEN,35,8,35:8,char,fr
GEN,35,8,Allon-bacuth means oak of weeping.,char,ft
GEN,35,8,,para,m
GEN,35,8,,para,b
GEN,35,9,,verse,v
GEN,35,9,"After Jacob had returned from Paddan-aram,",para,m
GEN,35,9,,note,f
GEN,35,9,35:9,char,fr
GEN,35,9,"That is, northwest Mesopotamia; also in verse 26",char,ft
GEN,35,9, God appeared to him again and blessed him.,para,m
GEN,35,10,,verse,v
GEN,35,10,"And God said to him, “Though your name is Jacob,",para,m
GEN,35,10,,note,f
GEN,35,10,35:10,char,fr
GEN,35,10,Jacob means he grasps the heel or he deceives.,char,ft
GEN,35,10," you will no longer be called Jacob. Instead, your name will be Israel.",para,m
GEN,35,10,,note,f
GEN,35,10,35:10,char,fr
GEN,35,10,Israel means he struggles with God.,char,ft
GEN,35,10,” So God named him Israel.,para,m
GEN,35,10,,para,b
GEN,35,11,,verse,v
GEN,35,11,"And God told him, “I am God Almighty.",para,m
GEN,35,11,,note,f
GEN,35,11,35:11,char,fr
GEN,35,11,Hebrew El-Shaddai,char,ft
GEN,35,11," Be fruitful and multiply. A nation—even a company of nations—shall come from you, and kings shall descend from you.",para,m
GEN,35,12,,verse,v
GEN,35,12,"The land that I gave to Abraham and Isaac I will give to you, and I will give this land to your descendants after you.”",para,m
GEN,35,12,,para,b
GEN,35,13,,verse,v
GEN,35,13,Then God went up from the place where He had spoken with him.,para,m
GEN,35,13,,para,b
GEN,35,14,,verse,v
GEN,35,14,So Jacob set up a pillar in the place where God had spoken with him—a stone marker—and he poured out a drink offering on it and anointed it with oil.,para,m
GEN,35,15,,verse,v
GEN,35,15,Jacob called the place where God had spoken with him Bethel.,para,m
GEN,35,15,,note,f
GEN,35,15,35:15,char,fr
GEN,35,15,Bethel means house of God.,char,ft
GEN,35,15,,para,m
GEN,35,15,"Benjamin Born, Rachel Dies",para,s1
GEN,35,15,,para,b
GEN,35,16,,verse,v
GEN,35,16,"Later, they set out from Bethel, and while they were still some distance from Ephrath, Rachel began to give birth, and her labor was difficult.",para,m
GEN,35,17,,verse,v
GEN,35,17,"During her severe labor, the midwife said to her, “Do not be afraid, for you are having another son.”",para,m
GEN,35,17,,para,b
GEN,35,18,,verse,v
GEN,35,18,And with her last breath—for she was dying—she named him Ben-oni.,para,m
GEN,35,18,,note,f
GEN,35,18,35:18,char,fr
GEN,35,18,Ben-oni could mean son of my sorrow or son of my strength.,char,ft
GEN,35,18, But his father called him Benjamin.,para,m
GEN,35,18,,note,f
GEN,35,18,35:18,char,fr
GEN,35,18,Benjamin means son of my right hand.,char,ft
GEN,35,18,,para,m
GEN,35,18,,para,b
GEN,35,19,,verse,v
GEN,35,19,"So Rachel died and was buried on the way to Ephrath (that is, Bethlehem).",para,m
GEN,35,20,,verse,v
GEN,35,20,Jacob set up a pillar on her grave; it marks Rachel’s tomb to this day.,para,m
GEN,35,20,The Sons of Jacob,para,s1
GEN,35,20,(1 Chronicles 2:1–2),para,r
GEN,35,20,,para,b
GEN,35,21,,verse,v
GEN,35,21,Israel again set out and pitched his tent beyond the Tower of Eder.,para,m
GEN,35,22,,verse,v
GEN,35,22,"While Israel was living in that region, Reuben went in and slept with his father’s concubine Bilhah, and Israel heard about it.",para,m
GEN,35,22,,para,b
GEN,35,22,Jacob had twelve sons:,para,m
GEN,35,22,,para,b
GEN,35,23,,verse,v
GEN,35,23,"The sons of Leah were Reuben the firstborn of Jacob, Simeon, Levi, Judah, Issachar, and Zebulun.",para,li1
GEN,35,23,,para,b
GEN,35,24,,verse,v
GEN,35,24,The sons of Rachel were Joseph and Benjamin.,para,li1
GEN,35,24,,para,b
GEN,35,25,,verse,v
GEN,35,25,The sons of Rachel’s maidservant Bilhah were Dan and Naphtali.,para,li1
GEN,35,25,,para,b
GEN,35,26,,verse,v
GEN,35,26,And the sons of Leah’s maidservant Zilpah were Gad and Asher.,para,li1
GEN,35,26,,para,b
GEN,35,26,"These are the sons of Jacob, who were born to him in Paddan-aram.",para,m
GEN,35,26,The Death of Isaac,para,s1
GEN,35,26,,para,b
GEN,35,27,,verse,v
GEN,35,27,"Jacob returned to his father Isaac at Mamre, near Kiriath-arba (that is, Hebron), where Abraham and Isaac had stayed.",para,m
GEN,35,27,,para,b
GEN,35,28,,verse,v
GEN,35,28,And Isaac lived 180 years.,para,m
GEN,35,29,,verse,v
GEN,35,29,"Then he breathed his last and died and was gathered to his people, old and full of years. And his sons Esau and Jacob buried him.",para,m
GEN,36,,,chapter,c
GEN,36,,The Descendants of Esau,para,s1
GEN,36,,(1 Chronicles 1:35–37),para,r
GEN,36,1,,verse,v
GEN,36,1,"This is the account of Esau (that is, Edom).",para,m
GEN,36,2,,verse,v
GEN,36,2,"Esau took his wives from the daughters of Canaan: Adah daughter of Elon the Hittite, Oholibamah daughter of Anah and granddaughter of Zibeon the Hivite,",para,m
GEN,36,3,,verse,v
GEN,36,3,and Basemath daughter of Ishmael and sister of Nebaioth.,para,m
GEN,36,4,,verse,v
GEN,36,4,"And Adah bore Eliphaz to Esau, Basemath gave birth to Reuel,",para,m
GEN,36,5,,verse,v
GEN,36,5,"and Oholibamah gave birth to Jeush, Jalam, and Korah. These were the sons of Esau, who were born to him in the land of Canaan.",para,m
GEN,36,5,,para,b
GEN,36,6,,verse,v
GEN,36,6,"Later, Esau took his wives and sons and daughters and all the people of his household, along with his livestock, all his other animals, and all the property he had acquired in Canaan, and he moved to a land far away from his brother Jacob.",para,m
GEN,36,7,,verse,v
GEN,36,7,For their possessions were too great for them to dwell together; the land where they stayed could not support them because of their livestock.,para,m
GEN,36,8,,verse,v
GEN,36,8,"So Esau (that is, Edom) settled in the area of Mount Seir.",para,m
GEN,36,8,,para,b
GEN,36,9,,verse,v
GEN,36,9,"This is the account of Esau, the father of the Edomites, in the area of Mount Seir.",para,m
GEN,36,9,,para,b
GEN,36,10,,verse,v
GEN,36,10,"These are the names of Esau’s sons: Eliphaz son of Esau’s wife Adah, and Reuel son of Esau’s wife Basemath.",para,m
GEN,36,10,,para,b
GEN,36,11,,verse,v
GEN,36,11,"The sons of Eliphaz were Teman, Omar, Zepho, Gatam, and Kenaz.",para,m
GEN,36,12,,verse,v
GEN,36,12,"Additionally, Timna, a concubine of Esau’s son Eliphaz, gave birth to Amalek. These are the grandsons of Esau’s wife Adah.",para,m
GEN,36,12,,para,b
GEN,36,13,,verse,v
GEN,36,13,"These are the sons of Reuel: Nahath, Zerah, Shammah, and Mizzah. They are the grandsons of Esau’s wife Basemath.",para,m
GEN,36,13,,para,b
GEN,36,14,,verse,v
GEN,36,14,"These are the sons of Esau’s wife Oholibamah (daughter of Anah and granddaughter of Zibeon) whom she bore to Esau: Jeush, Jalam, and Korah.",para,m
GEN,36,14,,para,b
GEN,36,15,,verse,v
GEN,36,15,"These are the chiefs among the sons of Esau. The sons of Eliphaz the firstborn of Esau: Chiefs Teman, Omar, Zepho, Kenaz,",para,m
GEN,36,16,,verse,v
GEN,36,16,"Korah,",para,m
GEN,36,16,,note,f
GEN,36,16,36:16,char,fr
GEN,36,16,Hebrew; SP (also in verse 11 and 1 Chronicles 1:36) does not include Korah.,char,ft
GEN,36,16," Gatam, and Amalek. They are the chiefs of Eliphaz in the land of Edom, and they are the grandsons of Adah.",para,m
GEN,36,16,,para,b
GEN,36,17,,verse,v
GEN,36,17,"These are the sons of Esau’s son Reuel: Chiefs Nahath, Zerah, Shammah, and Mizzah. They are the chiefs descended from Reuel in the land of Edom, and they are the grandsons of Esau’s wife Basemath.",para,m
GEN,36,17,,para,b
GEN,36,18,,verse,v
GEN,36,18,"These are the sons of Esau’s wife Oholibamah: Chiefs Jeush, Jalam, and Korah. They are the chiefs descended from Esau’s wife Oholibamah, the daughter of Anah.",para,m
GEN,36,18,,para,b
GEN,36,19,,verse,v
GEN,36,19,"All these are the sons of Esau (that is, Edom), and they were their chiefs.",para,m
GEN,36,19,The Descendants of Seir,para,s1
GEN,36,19,(1 Chronicles 1:38–42),para,r
GEN,36,19,,para,b
GEN,36,20,,verse,v
GEN,36,20,"These are the sons of Seir the Horite, who were living in the land: Lotan, Shobal, Zibeon, Anah,",para,m
GEN,36,21,,verse,v
GEN,36,21,"Dishon, Ezer, and Dishan. They are the chiefs of the Horites, the descendants of Seir in the land of Edom.",para,m
GEN,36,21,,para,b
GEN,36,22,,verse,v
GEN,36,22,The sons of Lotan were Hori and Hemam.,para,m
GEN,36,22,,note,f
GEN,36,22,36:22,char,fr
GEN,36,22,Hemam is a variant of Homam; see 1 Chronicles 1:39.,char,ft
GEN,36,22, Timna was Lotan’s sister.,para,m
GEN,36,22,,para,b
GEN,36,23,,verse,v
GEN,36,23,"These are the sons of Shobal: Alvan, Manahath, Ebal, Shepho, and Onam.",para,m
GEN,36,23,,para,b
GEN,36,24,,verse,v
GEN,36,24,These are the sons of Zibeon: Aiah and Anah. (This is the Anah who found the hot springs in the wilderness as he was pasturing the donkeys of his father Zibeon.),para,m
GEN,36,24,,para,b
GEN,36,25,,verse,v
GEN,36,25,These are the children of Anah: Dishon and Oholibamah daughter of Anah.,para,m
GEN,36,25,,para,b
GEN,36,26,,verse,v
GEN,36,26,These are the sons of Dishon:,para,m
GEN,36,26,,note,f
GEN,36,26,36:26,char,fr
GEN,36,26,"Hebrew Dishan, a variant of Dishon",char,ft
GEN,36,26," Hemdan, Eshban, Ithran, and Cheran.",para,m
GEN,36,26,,para,b
GEN,36,27,,verse,v
GEN,36,27,"These are the sons of Ezer: Bilhan, Zaavan, and Akan.",para,m
GEN,36,27,,para,b
GEN,36,28,,verse,v
GEN,36,28,These are the sons of Dishan: Uz and Aran.,para,m
GEN,36,28,,para,b
GEN,36,29,,verse,v
GEN,36,29,"These are the chiefs of the Horites: Chiefs Lotan, Shobal, Zibeon, Anah,",para,m
GEN,36,30,,verse,v
GEN,36,30,"Dishon, Ezer, and Dishan. They are the chiefs of the Horites, according to their divisions in the land of Seir.",para,m
GEN,36,30,The Kings of Edom,para,s1
GEN,36,30,(1 Chronicles 1:43–54),para,r
GEN,36,30,,para,b
GEN,36,31,,verse,v
GEN,36,31,These are the kings who reigned in the land of Edom before any king reigned over the Israelites:,para,m
GEN,36,31,,note,f
GEN,36,31,36:31,char,fr
GEN,36,31,Or before an Israelite king reigned over them:,char,ft
GEN,36,31,,para,m
GEN,36,31,,para,b
GEN,36,32,,verse,v
GEN,36,32,Bela son of Beor reigned in Edom; the name of his city was Dinhabah.,para,li1
GEN,36,32,,para,b
GEN,36,33,,verse,v
GEN,36,33,"When Bela died, Jobab son of Zerah from Bozrah reigned in his place.",para,li1
GEN,36,33,,para,b
GEN,36,34,,verse,v
GEN,36,34,"When Jobab died, Husham from the land of the Temanites reigned in his place.",para,li1
GEN,36,34,,para,b
GEN,36,35,,verse,v
GEN,36,35,"When Husham died, Hadad son of Bedad, who defeated Midian in the country of Moab, reigned in his place. And the name of his city was Avith.",para,li1
GEN,36,35,,para,b
GEN,36,36,,verse,v
GEN,36,36,"When Hadad died, Samlah from Masrekah reigned in his place.",para,li1
GEN,36,36,,para,b
GEN,36,37,,verse,v
GEN,36,37,"When Samlah died, Shaul from Rehoboth on the Euphrates",para,li1
GEN,36,37,,note,f
GEN,36,37,36:37,char,fr
GEN,36,37,Hebrew the River,char,ft
GEN,36,37, reigned in his place.,para,li1
GEN,36,37,,para,b
GEN,36,38,,verse,v
GEN,36,38,"When Shaul died, Baal-hanan son of Achbor reigned in his place.",para,li1
GEN,36,38,,para,b
GEN,36,39,,verse,v
GEN,36,39,"When Baal-hanan son of Achbor died, Hadad",para,li1
GEN,36,39,,note,f
GEN,36,39,36:39,char,fr
GEN,36,39,"Some MT manuscripts, SP, and Syriac (see also 1 Chronicles 1:50); other MT manuscripts Hadar",char,ft
GEN,36,39," reigned in his place. His city was named Pau, and his wife’s name was Mehetabel daughter of Matred, the daughter of Me-zahab.",para,li1
GEN,36,39,,para,b
GEN,36,40,,verse,v
GEN,36,40,"These are the names of Esau’s chiefs, according to their families and regions, by their names: Chiefs Timna, Alvah, Jetheth,",para,m
GEN,36,41,,verse,v
GEN,36,41,"Oholibamah, Elah, Pinon,",para,m
GEN,36,42,,verse,v
GEN,36,42,"Kenaz, Teman, Mibzar,",para,m
GEN,36,43,,verse,v
GEN,36,43,"Magdiel, and Iram. These were the chiefs of Edom, according to their settlements in the land they possessed. Esau was the father of the Edomites.",para,m
GEN,37,,,chapter,c
GEN,37,,Joseph’s Dreams,para,s1
GEN,37,1,,verse,v
GEN,37,1,"Now Jacob lived in the land where his father had resided, the land of Canaan.",para,m
GEN,37,1,,para,b
GEN,37,2,,verse,v
GEN,37,2,"This is the account of Jacob. When Joseph was seventeen years old, he was tending the flock with his brothers, the sons of his father’s wives Bilhah and Zilpah, and he brought their father a bad report about them.",para,m
GEN,37,2,,para,b
GEN,37,3,,verse,v
GEN,37,3,"Now Israel loved Joseph more than his other sons, because Joseph had been born to him in his old age; so he made him a robe of many colors.",para,m
GEN,37,3,,note,f
GEN,37,3,37:3,char,fr
GEN,37,3,Possibly a robe with long sleeves; also in verses 23 and 32,char,ft
GEN,37,3,,para,m
GEN,37,4,,verse,v
GEN,37,4,"When Joseph’s brothers saw that their father loved him more than any of them, they hated him and could not speak a kind word to him.",para,m
GEN,37,4,,para,b
GEN,37,5,,verse,v
GEN,37,5,"Then Joseph had a dream, and when he told it to his brothers, they hated him even more.",para,m
GEN,37,6,,verse,v
GEN,37,6,"He said to them, “Listen to this dream I had:",para,m
GEN,37,7,,verse,v
GEN,37,7,"We were binding sheaves of grain in the field, and suddenly my sheaf rose and stood upright, while your sheaves gathered around and bowed down to mine.”",para,m
GEN,37,7,,para,b
GEN,37,8,,verse,v
GEN,37,8,“Do you intend to reign over us?” his brothers asked. “Will you actually rule us?” So they hated him even more because of his dream and his statements.,para,m
GEN,37,8,,para,b
GEN,37,9,,verse,v
GEN,37,9,"Then Joseph had another dream and told it to his brothers. “Look,” he said, “I had another dream, and this time the sun and moon and eleven stars were bowing down to me.”",para,m
GEN,37,9,,para,b
GEN,37,10,,verse,v
GEN,37,10,"He told his father and brothers, but his father rebuked him and said, “What is this dream that you have had? Will your mother and brothers and I actually come and bow down to the ground before you?”",para,m
GEN,37,11,,verse,v
GEN,37,11,"And his brothers were jealous of him, but his father kept in mind what he had said.",para,m
GEN,37,11,Joseph Sold into Egypt,para,s1
GEN,37,11,(Acts 7:9–14),para,r
GEN,37,11,,para,b
GEN,37,12,,verse,v
GEN,37,12,"Some time later, Joseph’s brothers had gone to pasture their father’s flocks near Shechem.",para,m
GEN,37,13,,verse,v
GEN,37,13,"Israel said to him, “Are not your brothers pasturing the flocks at Shechem? Get ready; I am sending you to them.”",para,m
GEN,37,13,,para,b
GEN,37,13,"“I am ready,” Joseph replied.",para,m
GEN,37,13,,para,b
GEN,37,14,,verse,v
GEN,37,14,"Then Israel told him, “Go now and see how your brothers and the flocks are faring, and bring word back to me.”",para,m
GEN,37,14,,para,b
GEN,37,14,"So he sent him off from the Valley of Hebron. And when Joseph arrived in Shechem,",para,m
GEN,37,15,,verse,v
GEN,37,15,"a man found him wandering in the field and asked, “What are you looking for?”",para,m
GEN,37,15,,para,b
GEN,37,16,,verse,v
GEN,37,16,"“I am looking for my brothers,” Joseph replied. “Can you please tell me where they are pasturing their flocks?”",para,m
GEN,37,16,,para,b
GEN,37,17,,verse,v
GEN,37,17,"“They have moved on from here,” the man answered. “I heard them say, ‘Let us go to Dothan.’” So Joseph set out after his brothers and found them at Dothan.",para,m
GEN,37,17,,para,b
GEN,37,18,,verse,v
GEN,37,18,"Now Joseph’s brothers saw him in the distance, and before he arrived, they plotted to kill him.",para,m
GEN,37,19,,verse,v
GEN,37,19,“Here comes that dreamer!” they said to one another.,para,m
GEN,37,20,,verse,v
GEN,37,20,"“Come now, let us kill him and throw him into one of the pits. We can say that a vicious animal has devoured him. Then we shall see what becomes of his dreams!”",para,m
GEN,37,20,,para,b
GEN,37,21,,verse,v
GEN,37,21,"When Reuben heard this, he tried to rescue Joseph from their hands. “Let us not take his life,” he said.",para,m
GEN,37,22,,verse,v
GEN,37,22,"“Do not shed his blood. Throw him into this pit in the wilderness, but do not lay a hand on him.” Reuben said this so that he could rescue Joseph from their hands and return him to his father.",para,m
GEN,37,22,,para,b
GEN,37,23,,verse,v
GEN,37,23,"So when Joseph came to his brothers, they stripped him of his robe—the robe of many colors he was wearing—",para,m
GEN,37,24,,verse,v
GEN,37,24,"and they took him and threw him into the pit. Now the pit was empty, with no water in it.",para,m
GEN,37,24,,para,b
GEN,37,25,,verse,v
GEN,37,25,"And as they sat down to eat a meal, they looked up and saw a caravan of Ishmaelites coming from Gilead. Their camels were carrying spices, balm, and myrrh on their way down to Egypt.",para,m
GEN,37,25,,para,b
GEN,37,26,,verse,v
GEN,37,26,"Then Judah said to his brothers, “What profit will we gain if we kill our brother and cover up his blood?",para,m
GEN,37,27,,verse,v
GEN,37,27,"Come, let us sell him to the Ishmaelites and not lay a hand on him; for he is our brother, our own flesh.” And they agreed.",para,m
GEN,37,28,,verse,v
GEN,37,28,"So when the Midianite traders passed by, his brothers pulled Joseph out of the pit and sold him for twenty shekels of silver",para,m
GEN,37,28,,note,f
GEN,37,28,37:28,char,fr
GEN,37,28,20 shekels is approximately 8 ounces or 228 grams of silver.,char,ft
GEN,37,28," to the Ishmaelites, who took him to Egypt.",para,m
GEN,37,28,,para,b
GEN,37,29,,verse,v
GEN,37,29,"When Reuben returned to the pit and saw that Joseph was not there, he tore his clothes,",para,m
GEN,37,30,,verse,v
GEN,37,30,"returned to his brothers, and said, “The boy is gone! What am I going to do?”",para,m
GEN,37,30,Jacob Mourns Joseph,para,s1
GEN,37,30,,para,b
GEN,37,31,,verse,v
GEN,37,31,"Then they took Joseph’s robe, slaughtered a young goat, and dipped the robe in its blood.",para,m
GEN,37,32,,verse,v
GEN,37,32,"They sent the robe of many colors to their father and said, “We found this. Examine it to see whether it is your son’s robe or not.”",para,m
GEN,37,32,,para,b
GEN,37,33,,verse,v
GEN,37,33,"His father recognized it and said, “It is my son’s robe! A vicious animal has devoured him. Joseph has surely been torn to pieces!”",para,m
GEN,37,34,,verse,v
GEN,37,34,"Then Jacob tore his clothes, put sackcloth around his waist, and mourned for his son many days.",para,m
GEN,37,35,,verse,v
GEN,37,35,"All his sons and daughters tried to comfort him, but he refused to be comforted. “No,” he said. “I will go down to Sheol mourning for my son.” So his father wept for him.",para,m
GEN,37,35,,para,b
GEN,37,36,,verse,v
GEN,37,36,"Meanwhile, the Midianites",para,m
GEN,37,36,,note,f
GEN,37,36,37:36,char,fr
GEN,37,36,Hebrew the Medanites,char,ft
GEN,37,36," sold Joseph in Egypt to Potiphar, an officer of Pharaoh and captain of the guard.",para,m
GEN,38,,,chapter,c
GEN,38,,Judah and Tamar,para,s1
GEN,38,,(1 Chronicles 2:3–4),para,r
GEN,38,1,,verse,v
GEN,38,1,"About that time, Judah left his brothers and settled near a man named Hirah, an Adullamite.",para,m
GEN,38,2,,verse,v
GEN,38,2,"There Judah saw the daughter of a Canaanite man named Shua, and he took her as a wife and slept with her.",para,m
GEN,38,3,,verse,v
GEN,38,3,"So she conceived and gave birth to a son, and Judah named him Er.",para,m
GEN,38,4,,verse,v
GEN,38,4,"Again she conceived and gave birth to a son, and she named him Onan.",para,m
GEN,38,5,,verse,v
GEN,38,5,Then she gave birth to another son and named him Shelah; it was at Chezib that she gave birth to him.,para,m
GEN,38,5,,para,b
GEN,38,6,,verse,v
GEN,38,6,"Now Judah acquired a wife for Er, his firstborn, and her name was Tamar.",para,m
GEN,38,7,,verse,v
GEN,38,7,"But Er, Judah’s firstborn, was wicked in the sight of the LORD; so the LORD put him to death.",para,m
GEN,38,8,,verse,v
GEN,38,8,"Then Judah said to Onan, “Sleep with your brother’s wife. Perform your duty as her brother-in-law and raise up offspring for your brother.”",para,m
GEN,38,8,,para,b
GEN,38,9,,verse,v
GEN,38,9,"But Onan knew that the offspring would not belong to him; so whenever he would sleep with his brother’s wife, he would spill his seed on the ground so that he would not produce offspring for his brother.",para,m
GEN,38,10,,verse,v
GEN,38,10,"What he did was wicked in the sight of the LORD, so He put Onan to death as well.",para,m
GEN,38,10,,para,b
GEN,38,11,,verse,v
GEN,38,11,"Then Judah said to his daughter-in-law Tamar, “Live as a widow in your father’s house until my son Shelah grows up.” For he thought, “He may die too, like his brothers.” So Tamar went to live in her father’s house.",para,m
GEN,38,11,,para,b
GEN,38,12,,verse,v
GEN,38,12,"After a long time Judah’s wife, the daughter of Shua, died. When Judah had finished mourning, he and his friend Hirah the Adullamite went up to his sheepshearers at Timnah.",para,m
GEN,38,13,,verse,v
GEN,38,13,"When Tamar was told, “Your father-in-law is going up to Timnah to shear his sheep,”",para,m
GEN,38,14,,verse,v
GEN,38,14,"she removed her widow’s garments, covered her face with a veil to disguise herself, and sat at the entrance to Enaim, which is on the way to Timnah. For she saw that although Shelah had grown up, she had not been given to him as a wife.",para,m
GEN,38,14,,para,b
GEN,38,15,,verse,v
GEN,38,15,"When Judah saw her, he thought she was a prostitute because she had covered her face.",para,m
GEN,38,16,,verse,v
GEN,38,16,"Not realizing that she was his daughter-in-law, he went over to her and said, “Come now, let me sleep with you.”",para,m
GEN,38,16,,para,b
GEN,38,16,“What will you give me for sleeping with you?” she inquired.,para,m
GEN,38,16,,para,b
GEN,38,17,,verse,v
GEN,38,17,"“I will send you a young goat from my flock,” Judah answered.",para,m
GEN,38,17,,para,b
GEN,38,17,"But she replied, “Only if you leave me something as a pledge until you send it.”",para,m
GEN,38,17,,para,b
GEN,38,18,,verse,v
GEN,38,18,“What pledge should I give you?” he asked.,para,m
GEN,38,18,,para,b
GEN,38,18,"She answered, “Your seal and your cord, and the staff in your hand.” So he gave them to her and slept with her, and she became pregnant by him.",para,m
GEN,38,19,,verse,v
GEN,38,19,Then Tamar got up and departed. And she removed her veil and put on her widow’s garments again.,para,m
GEN,38,19,,para,b
GEN,38,20,,verse,v
GEN,38,20,"Now when Judah sent his friend Hirah the Adullamite with the young goat to collect the items he had left with the woman, he could not find her.",para,m
GEN,38,21,,verse,v
GEN,38,21,"He asked the men of that place, “Where is the shrine prostitute who was beside the road at Enaim?”",para,m
GEN,38,21,,para,b
GEN,38,21,"“No shrine prostitute has been here,” they answered.",para,m
GEN,38,21,,para,b
GEN,38,22,,verse,v
GEN,38,22,"So Hirah returned to Judah and said, “I could not find her, and furthermore, the men of that place said, ‘No shrine prostitute has been here.’”",para,m
GEN,38,22,,para,b
GEN,38,23,,verse,v
GEN,38,23,"“Let her keep the items,” Judah replied. “Otherwise we will become a laughingstock.",para,m
GEN,38,23,,note,f
GEN,38,23,38:23,char,fr
GEN,38,23,Or we will become despised,char,ft
GEN,38,23," After all, I did send her this young goat, but you could not find her.”",para,m
GEN,38,23,,para,b
GEN,38,24,,verse,v
GEN,38,24,"About three months later, Judah was told, “Your daughter-in-law Tamar has prostituted herself, and now she is pregnant.”",para,m
GEN,38,24,,para,b
GEN,38,24,“Bring her out!” Judah replied. “Let her be burned to death!”,para,m
GEN,38,24,,para,b
GEN,38,25,,verse,v
GEN,38,25,"As she was being brought out, Tamar sent a message to her father-in-law: “I am pregnant by the man to whom these items belong.” And she added, “Please examine them. Whose seal and cord and staff are these?”",para,m
GEN,38,25,,para,b
GEN,38,26,,verse,v
GEN,38,26,"Judah recognized the items and said, “She is more righteous than I, since I did not give her to my son Shelah.” And he did not have relations with her again.",para,m
GEN,38,26,The Birth of Perez and Zerah,para,s1
GEN,38,26,,para,b
GEN,38,27,,verse,v
GEN,38,27,"When the time came for Tamar to give birth, there were twins in her womb.",para,m
GEN,38,28,,verse,v
GEN,38,28,"And as she was giving birth, one of them put out his hand; so the midwife took a scarlet thread and tied it around his wrist. “This one came out first,” she announced.",para,m
GEN,38,29,,verse,v
GEN,38,29,"But when he pulled his hand back and his brother came out, she said, “You have broken out first!” So he was named Perez.",para,m
GEN,38,29,,note,f
GEN,38,29,38:29,char,fr
GEN,38,29,Perez means breaking out.,char,ft
GEN,38,29,,para,m
GEN,38,30,,verse,v
GEN,38,30,"Then his brother came out with the scarlet thread around his wrist, and he was named Zerah.",para,m
GEN,38,30,,note,f
GEN,38,30,38:30,char,fr
GEN,38,30,Zerah can mean scarlet or brightness.,char,ft
GEN,38,30,,para,m
GEN,39,,,chapter,c
GEN,39,,Joseph and Potiphar’s Wife,para,s1
GEN,39,1,,verse,v
GEN,39,1,"Meanwhile, Joseph had been taken down to Egypt, where an Egyptian named Potiphar, an officer of Pharaoh and captain of the guard, bought him from the Ishmaelites who had taken him there.",para,m
GEN,39,2,,verse,v
GEN,39,2,"And the LORD was with Joseph, and he became a successful man, serving in the household of his Egyptian master.",para,m
GEN,39,2,,para,b
GEN,39,3,,verse,v
GEN,39,3,"When his master saw that the LORD was with him and made him prosper in all he did,",para,m
GEN,39,4,,verse,v
GEN,39,4,Joseph found favor in his sight and became his personal attendant.,para,m
GEN,39,4,,para,b
GEN,39,4,Potiphar put him in charge of his household and entrusted him with everything he owned.,para,m
GEN,39,5,,verse,v
GEN,39,5,"From the time that he put Joseph in charge of his household and all he owned, the LORD blessed the Egyptian’s household on account of him. The LORD’s blessing was on everything he owned, both in his house and in his field.",para,m
GEN,39,6,,verse,v
GEN,39,6,So Potiphar left all that he owned in Joseph’s care; he did not concern himself with anything except the food he ate.,para,m
GEN,39,6,,para,b
GEN,39,6,"Now Joseph was well-built and handsome,",para,m
GEN,39,7,,verse,v
GEN,39,7,"and after some time his master’s wife cast her eyes upon Joseph and said, “Sleep with me.”",para,m
GEN,39,7,,para,b
GEN,39,8,,verse,v
GEN,39,8,"But he refused. “Look,” he said to his master’s wife, “with me here, my master does not concern himself with anything in his house, and he has entrusted everything he owns to my care.",para,m
GEN,39,9,,verse,v
GEN,39,9,"No one in this house is greater than I am. He has withheld nothing from me except you, because you are his wife. So how could I do such a great evil and sin against God?”",para,m
GEN,39,9,,para,b
GEN,39,10,,verse,v
GEN,39,10,"Although Potiphar’s wife spoke to Joseph day after day, he refused to go to bed with her or even be near her.",para,m
GEN,39,11,,verse,v
GEN,39,11,"One day, however, Joseph went into the house to attend to his work, and not a single household servant was inside.",para,m
GEN,39,12,,verse,v
GEN,39,12,"She grabbed Joseph by his cloak and said, “Sleep with me!” But leaving his cloak in her hand, he escaped and ran outside.",para,m
GEN,39,12,Joseph Falsely Imprisoned,para,s1
GEN,39,12,,para,b
GEN,39,13,,verse,v
GEN,39,13,"When she saw that he had left his cloak in her hand and had run out of the house,",para,m
GEN,39,14,,verse,v
GEN,39,14,"she called her household servants. “Look,” she said, “this Hebrew has been brought to us to make sport of us. He came to me so he could sleep with me, but I screamed as loud as I could.",para,m
GEN,39,15,,verse,v
GEN,39,15,"When he heard me scream for help, he left his cloak beside me and ran out of the house.”",para,m
GEN,39,15,,para,b
GEN,39,16,,verse,v
GEN,39,16,So Potiphar’s wife kept Joseph’s cloak beside her until his master came home.,para,m
GEN,39,17,,verse,v
GEN,39,17,"Then she told him the same story: “The Hebrew slave you brought us came to me to make sport of me,",para,m
GEN,39,18,,verse,v
GEN,39,18,"but when I screamed for help, he left his cloak beside me and ran out of the house.”",para,m
GEN,39,18,,para,b
GEN,39,19,,verse,v
GEN,39,19,"When his master heard the story his wife told him, saying, “This is what your slave did to me,” he burned with anger.",para,m
GEN,39,20,,verse,v
GEN,39,20,So Joseph’s master took him and had him thrown into the prison where the king’s prisoners were confined.,para,m
GEN,39,20,,para,b
GEN,39,20,"While Joseph was there in the prison,",para,m
GEN,39,21,,verse,v
GEN,39,21,"the LORD was with him and extended kindness to him, granting him favor in the eyes of the prison warden.",para,m
GEN,39,22,,verse,v
GEN,39,22,"And the warden put all the prisoners under Joseph’s care, so that he was responsible for all that was done in the prison.",para,m
GEN,39,23,,verse,v
GEN,39,23,"The warden did not concern himself with anything under Joseph’s care, because the LORD was with Joseph and gave him success in whatever he did.",para,m
GEN,40,,,chapter,c
GEN,40,,The Cupbearer and the Baker,para,s1
GEN,40,1,,verse,v
GEN,40,1,"Some time later, the king’s cupbearer and baker offended their master, the king of Egypt.",para,m
GEN,40,2,,verse,v
GEN,40,2,"Pharaoh was angry with his two officers, the chief cupbearer and the chief baker,",para,m
GEN,40,3,,verse,v
GEN,40,3,"and imprisoned them in the house of the captain of the guard, the same prison where Joseph was confined.",para,m
GEN,40,4,,verse,v
GEN,40,4,"The captain of the guard assigned them to Joseph, and he became their personal attendant.",para,m
GEN,40,4,,para,b
GEN,40,4,"After they had been in custody for some time,",para,m
GEN,40,5,,verse,v
GEN,40,5,"both of these men—the Egyptian king’s cupbearer and baker, who were being held in the prison—had a dream on the same night, and each dream had its own meaning.",para,m
GEN,40,5,,para,b
GEN,40,6,,verse,v
GEN,40,6,"When Joseph came to them in the morning, he saw that they were distraught.",para,m
GEN,40,7,,verse,v
GEN,40,7,"So he asked the officials of Pharaoh who were in custody with him in his master’s house, “Why are your faces so downcast today?”",para,m
GEN,40,7,,para,b
GEN,40,8,,verse,v
GEN,40,8,"“We both had dreams,” they replied, “but there is no one to interpret them.”",para,m
GEN,40,8,,para,b
GEN,40,8,"Then Joseph said to them, “Don’t interpretations belong to God? Tell me your dreams.”",para,m
GEN,40,8,,para,b
GEN,40,9,,verse,v
GEN,40,9,"So the chief cupbearer told Joseph his dream: “In my dream there was a vine before me,",para,m
GEN,40,10,,verse,v
GEN,40,10,"and on the vine were three branches. As it budded, its blossoms opened and its clusters ripened into grapes.",para,m
GEN,40,11,,verse,v
GEN,40,11,"Pharaoh’s cup was in my hand, and I took the grapes, squeezed them into his cup, and placed the cup in his hand.”",para,m
GEN,40,11,,para,b
GEN,40,12,,verse,v
GEN,40,12,"Joseph replied, “This is the interpretation: The three branches are three days.",para,m
GEN,40,13,,verse,v
GEN,40,13,"Within three days Pharaoh will lift up your head and restore your position. You will put Pharaoh’s cup in his hand, just as you did when you were his cupbearer.",para,m
GEN,40,14,,verse,v
GEN,40,14,"But when it goes well for you, please remember me and show me kindness by mentioning me to Pharaoh, that he might bring me out of this prison.",para,m
GEN,40,15,,verse,v
GEN,40,15,"For I was kidnapped from the land of the Hebrews, and even here I have done nothing for which they should have put me in this dungeon.”",para,m
GEN,40,15,,para,b
GEN,40,16,,verse,v
GEN,40,16,"When the chief baker saw that the interpretation was favorable, he said to Joseph, “I too had a dream: There were three baskets of white bread on my head.",para,m
GEN,40,17,,verse,v
GEN,40,17,"In the top basket were all sorts of baked goods for Pharaoh, but the birds were eating them out of the basket on my head.”",para,m
GEN,40,17,,para,b
GEN,40,18,,verse,v
GEN,40,18,"Joseph replied, “This is the interpretation: The three baskets are three days.",para,m
GEN,40,19,,verse,v
GEN,40,19,Within three days Pharaoh will lift off your head and hang you on a tree.,para,m
GEN,40,19,,note,f
GEN,40,19,40:19,char,fr
GEN,40,19,Or and impale you on a pole; similarly in verse 22,char,ft
GEN,40,19, Then the birds will eat the flesh of your body.”,para,m
GEN,40,19,,para,b
GEN,40,20,,verse,v
GEN,40,20,"On the third day, which was Pharaoh’s birthday, he held a feast for all his officials, and in their presence he lifted up the heads of the chief cupbearer and the chief baker.",para,m
GEN,40,21,,verse,v
GEN,40,21,"Pharaoh restored the chief cupbearer to his position, so that he once again placed the cup in Pharaoh’s hand.",para,m
GEN,40,22,,verse,v
GEN,40,22,"But Pharaoh hanged the chief baker, just as Joseph had described to them in his interpretation.",para,m
GEN,40,22,,note,f
GEN,40,22,40:22,char,fr
GEN,40,22,Literally had interpreted to them,char,ft
GEN,40,22,,para,m
GEN,40,22,,para,b
GEN,40,23,,verse,v
GEN,40,23,"The chief cupbearer, however, did not remember Joseph; he forgot all about him.",para,m
GEN,41,,,chapter,c
GEN,41,,The Dreams of Pharaoh,para,s1
GEN,41,1,,verse,v
GEN,41,1,"After two full years had passed, Pharaoh had a dream: He was standing beside the Nile,",para,m
GEN,41,2,,verse,v
GEN,41,2,"when seven cows, sleek and well-fed, came up from the river and began to graze among the reeds.",para,m
GEN,41,3,,verse,v
GEN,41,3,"After them, seven other cows, sickly and thin, came up from the Nile and stood beside the well-fed cows on the bank of the river.",para,m
GEN,41,4,,verse,v
GEN,41,4,"And the cows that were sickly and thin devoured the seven sleek, well-fed cows.",para,m
GEN,41,4,,para,b
GEN,41,4,"Then Pharaoh woke up,",para,m
GEN,41,5,,verse,v
GEN,41,5,"but he fell back asleep and dreamed a second time: Seven heads of grain, plump and ripe, came up on one stalk.",para,m
GEN,41,6,,verse,v
GEN,41,6,"After them, seven other heads of grain sprouted, thin and scorched by the east wind.",para,m
GEN,41,7,,verse,v
GEN,41,7,"And the thin heads of grain swallowed up the seven plump, ripe ones. Then Pharaoh awoke and realized it was a dream.",para,m
GEN,41,7,,para,b
GEN,41,8,,verse,v
GEN,41,8,"In the morning his spirit was troubled, so he summoned all the magicians and wise men of Egypt. Pharaoh told them his dreams, but no one could interpret them for him.",para,m
GEN,41,8,,para,b
GEN,41,9,,verse,v
GEN,41,9,"Then the chief cupbearer said to Pharaoh, “Today I recall my failures.",para,m
GEN,41,10,,verse,v
GEN,41,10,"Pharaoh was once angry with his servants, and he put me and the chief baker in the custody of the captain of the guard.",para,m
GEN,41,11,,verse,v
GEN,41,11,"One night both the chief baker and I had dreams, and each dream had its own meaning.",para,m
GEN,41,12,,verse,v
GEN,41,12,"Now a young Hebrew was there with us, a servant of the captain of the guard. We told him our dreams and he interpreted them for us individually.",para,m
GEN,41,13,,verse,v
GEN,41,13,"And it happened to us just as he had interpreted: I was restored to my position, and the other man was hanged.”",para,m
GEN,41,13,Joseph Interprets Pharaoh’s Dreams,para,s1
GEN,41,13,,para,b
GEN,41,14,,verse,v
GEN,41,14,"So Pharaoh sent for Joseph, who was quickly brought out of the dungeon. After he had shaved and changed his clothes, he went in before Pharaoh.",para,m
GEN,41,14,,para,b
GEN,41,15,,verse,v
GEN,41,15,"Pharaoh said to Joseph, “I had a dream, and no one can interpret it. But I have heard it said of you that when you hear a dream you can interpret it.”",para,m
GEN,41,15,,para,b
GEN,41,16,,verse,v
GEN,41,16,"“I myself cannot do it,” Joseph replied, “but God will give Pharaoh a sound answer.”",para,m
GEN,41,16,,para,b
GEN,41,17,,verse,v
GEN,41,17,"Then Pharaoh said to Joseph: “In my dream I was standing on the bank of the Nile,",para,m
GEN,41,18,,verse,v
GEN,41,18,"when seven cows, well-fed and sleek, came up from the river and began to graze among the reeds.",para,m
GEN,41,19,,verse,v
GEN,41,19,"After them, seven other cows—sickly, ugly, and thin—came up. I have never seen such ugly cows in all the land of Egypt!",para,m
GEN,41,20,,verse,v
GEN,41,20,"Then the thin, ugly cows devoured the seven well-fed cows that were there first.",para,m
GEN,41,21,,verse,v
GEN,41,21,"When they had devoured them, however, no one could tell that they had done so; their appearance was as ugly as it had been before. Then I awoke.",para,m
GEN,41,21,,para,b
GEN,41,22,,verse,v
GEN,41,22,"In my dream I also saw seven heads of grain, plump and ripe, growing on a single stalk.",para,m
GEN,41,23,,verse,v
GEN,41,23,"After them, seven other heads of grain sprouted—withered, thin, and scorched by the east wind.",para,m
GEN,41,24,,verse,v
GEN,41,24,And the thin heads of grain swallowed the seven plump ones.,para,m
GEN,41,24,,para,b
GEN,41,24,"I told this dream to the magicians, but no one could explain it to me.”",para,m
GEN,41,24,,para,b
GEN,41,25,,verse,v
GEN,41,25,"At this, Joseph said to Pharaoh, “The dreams of Pharaoh are one and the same. God has revealed to Pharaoh what He is about to do.",para,m
GEN,41,26,,verse,v
GEN,41,26,"The seven good cows are seven years, and the seven ripe heads of grain are seven years. The dreams have the same meaning.",para,m
GEN,41,27,,verse,v
GEN,41,27,"Moreover, the seven thin, ugly cows that came up after them are seven years, and so are the seven worthless heads of grain scorched by the east wind—they are seven years of famine.",para,m
GEN,41,27,,para,b
GEN,41,28,,verse,v
GEN,41,28,It is just as I said to Pharaoh: God has shown Pharaoh what He is about to do.,para,m
GEN,41,29,,verse,v
GEN,41,29,"Behold, seven years of great abundance are coming throughout the land of Egypt,",para,m
GEN,41,30,,verse,v
GEN,41,30,"but seven years of famine will follow them. Then all the abundance in the land of Egypt will be forgotten, and the famine will devastate the land.",para,m
GEN,41,31,,verse,v
GEN,41,31,"The abundance in the land will not be remembered, since the famine that follows it will be so severe.",para,m
GEN,41,31,,para,b
GEN,41,32,,verse,v
GEN,41,32,"Moreover, because the dream was given to Pharaoh in two versions, the matter has been decreed by God, and He will carry it out shortly.",para,m
GEN,41,32,,para,b
GEN,41,33,,verse,v
GEN,41,33,"Now, therefore, Pharaoh should look for a discerning and wise man and set him over the land of Egypt.",para,m
GEN,41,34,,verse,v
GEN,41,34,Let Pharaoh take action and appoint commissioners over the land to take a fifth of the harvest,para,m
GEN,41,34,,note,f
GEN,41,34,41:34,char,fr
GEN,41,34,See LXX; MT a fifth from the land,char,ft
GEN,41,34, of Egypt during the seven years of abundance.,para,m
GEN,41,35,,verse,v
GEN,41,35,"Under the authority of Pharaoh, let them collect all the excess food from these good years, that they may come and lay up the grain to be preserved as food in the cities.",para,m
GEN,41,36,,verse,v
GEN,41,36,This food will be a reserve for the land during the seven years of famine to come upon the land of Egypt. Then the country will not perish in the famine.”,para,m
GEN,41,36,Joseph Given Charge of Egypt,para,s1
GEN,41,36,,para,b
GEN,41,37,,verse,v
GEN,41,37,This proposal pleased Pharaoh and all his officials.,para,m
GEN,41,38,,verse,v
GEN,41,38,"So Pharaoh asked them, “Can we find anyone like this man, in whom the Spirit of God",para,m
GEN,41,38,,note,f
GEN,41,38,41:38,char,fr
GEN,41,38,Or the spirit of the gods,char,ft
GEN,41,38, abides?”,para,m
GEN,41,38,,para,b
GEN,41,39,,verse,v
GEN,41,39,"Then Pharaoh said to Joseph, “Since God has made all this known to you, there is no one as discerning and wise as you.",para,m
GEN,41,40,,verse,v
GEN,41,40,"You shall be in charge of my house, and all my people are to obey your commands. Only with regard to the throne will I be greater than you.”",para,m
GEN,41,40,,para,b
GEN,41,41,,verse,v
GEN,41,41,"Pharaoh also told Joseph, “I hereby place you over all the land of Egypt.”",para,m
GEN,41,42,,verse,v
GEN,41,42,"Then Pharaoh removed the signet ring from his finger, put it on Joseph’s finger, clothed him in garments of fine linen, and placed a gold chain around his neck.",para,m
GEN,41,43,,verse,v
GEN,41,43,"He had Joseph ride in his second chariot, with men calling out before him, “Bow the knee!”",para,m
GEN,41,43,,note,f
GEN,41,43,41:43,char,fr
GEN,41,43,"That is, “Abrek,” probably an Egyptian word that sounds similar to the Hebrew for kneel",char,ft
GEN,41,43, So he placed him over all the land of Egypt.,para,m
GEN,41,43,,para,b
GEN,41,44,,verse,v
GEN,41,44,"And Pharaoh declared to Joseph, “I am Pharaoh, but without your permission, no one in all the land of Egypt shall lift his hand or foot.”",para,m
GEN,41,44,,para,b
GEN,41,45,,verse,v
GEN,41,45,"Pharaoh gave Joseph the name Zaphenath-paneah,",para,m
GEN,41,45,,note,f
GEN,41,45,41:45,char,fr
GEN,41,45,Zaphenath-paneah probably means Revealer of Mysteries or God speaks and lives.,char,ft
GEN,41,45," and he gave him Asenath daughter of Potiphera, priest of On,",para,m
GEN,41,45,,note,f
GEN,41,45,41:45,char,fr
GEN,41,45,"That is, Heliopolis, as in LXX; also in verse 50",char,ft
GEN,41,45, to be his wife. And Joseph took charge of all the land of Egypt.,para,m
GEN,41,45,The Seven Years of Plenty,para,s1
GEN,41,45,,para,b
GEN,41,46,,verse,v
GEN,41,46,Now Joseph was thirty years old when he entered the service of Pharaoh king of Egypt. And Joseph left Pharaoh’s presence and traveled throughout the land of Egypt.,para,m
GEN,41,46,,para,b
GEN,41,47,,verse,v
GEN,41,47,"During the seven years of abundance, the land brought forth bountifully.",para,m
GEN,41,48,,verse,v
GEN,41,48,"During those seven years, Joseph collected all the excess food in the land of Egypt and stored it in the cities. In every city he laid up the food from the fields around it.",para,m
GEN,41,49,,verse,v
GEN,41,49,"So Joseph stored up grain in such abundance, like the sand of the sea, that he stopped keeping track of it; for it was beyond measure.",para,m
GEN,41,49,,para,b
GEN,41,50,,verse,v
GEN,41,50,"Before the years of famine arrived, two sons were born to Joseph by Asenath daughter of Potiphera, priest of On.",para,m
GEN,41,51,,verse,v
GEN,41,51,"Joseph named the firstborn Manasseh,",para,m
GEN,41,51,,note,f
GEN,41,51,41:51,char,fr
GEN,41,51,Manasseh sounds like the Hebrew for making to forget.,char,ft
GEN,41,51," saying, “God has made me forget all my hardship and all my father’s household.”",para,m
GEN,41,52,,verse,v
GEN,41,52,"And the second son he named Ephraim,",para,m
GEN,41,52,,note,f
GEN,41,52,41:52,char,fr
GEN,41,52,Ephraim sounds like the Hebrew for making fruitful or twice fruitful.,char,ft
GEN,41,52," saying, “God has made me fruitful in the land of my affliction.”",para,m
GEN,41,52,The Famine Begins,para,s1
GEN,41,52,,para,b
GEN,41,53,,verse,v
GEN,41,53,"When the seven years of abundance in the land of Egypt came to an end,",para,m
GEN,41,54,,verse,v
GEN,41,54,"the seven years of famine began, just as Joseph had said. And although there was famine in every country, there was food throughout the land of Egypt.",para,m
GEN,41,55,,verse,v
GEN,41,55,"When extreme hunger came to all the land of Egypt and the people cried out to Pharaoh for food, he told all the Egyptians, “Go to Joseph and do whatever he tells you.”",para,m
GEN,41,55,,para,b
GEN,41,56,,verse,v
GEN,41,56,"When the famine had spread over all the land, Joseph opened up all the storehouses and sold grain to the Egyptians; for the famine was severe in the land of Egypt.",para,m
GEN,41,57,,verse,v
GEN,41,57,"And every nation came to Joseph in Egypt to buy grain, because the famine was severe over all the earth.",para,m
GEN,42,,,chapter,c
GEN,42,,Joseph’s Brothers Sent to Egypt,para,s1
GEN,42,1,,verse,v
GEN,42,1,"When Jacob learned that there was grain in Egypt, he said to his sons, “Why are you staring at one another?”",para,m
GEN,42,1,,para,b
GEN,42,2,,verse,v
GEN,42,2,"“Look,” he added, “I have heard that there is grain in Egypt. Go down there and buy some for us, so that we may live and not die.”",para,m
GEN,42,2,,para,b
GEN,42,3,,verse,v
GEN,42,3,So ten of Joseph’s brothers went down to buy grain from Egypt.,para,m
GEN,42,4,,verse,v
GEN,42,4,"But Jacob did not send Joseph’s brother Benjamin with his brothers, for he said, “I am afraid that harm might befall him.”",para,m
GEN,42,4,,para,b
GEN,42,5,,verse,v
GEN,42,5,"So the sons of Israel were among those who came to buy grain, since the famine had also spread to the land of Canaan.",para,m
GEN,42,5,,para,b
GEN,42,6,,verse,v
GEN,42,6,"Now Joseph was the ruler of the land; he was the one who sold grain to all its people. So when his brothers arrived, they bowed down before him with their faces to the ground.",para,m
GEN,42,7,,verse,v
GEN,42,7,"And when Joseph saw his brothers, he recognized them, but he treated them as strangers and spoke harshly to them. “Where have you come from?” he asked.",para,m
GEN,42,7,,para,b
GEN,42,7,"“From the land of Canaan,” they replied. “We are here to buy food.”",para,m
GEN,42,7,,para,b
GEN,42,8,,verse,v
GEN,42,8,"Although Joseph recognized his brothers, they did not recognize him.",para,m
GEN,42,9,,verse,v
GEN,42,9,"Joseph remembered his dreams about them and said, “You are spies! You have come to see if our land is vulnerable.”",para,m
GEN,42,9,,para,b
GEN,42,10,,verse,v
GEN,42,10,"“Not so, my lord,” they replied. “Your servants have come to buy food.",para,m
GEN,42,11,,verse,v
GEN,42,11,"We are all sons of one man. Your servants are honest men, not spies.”",para,m
GEN,42,11,,para,b
GEN,42,12,,verse,v
GEN,42,12,"“No,” he told them. “You have come to see if our land is vulnerable.”",para,m
GEN,42,12,,para,b
GEN,42,13,,verse,v
GEN,42,13,"But they answered, “Your servants are twelve brothers, the sons of one man in the land of Canaan. The youngest is now with our father, and one is no more.”",para,m
GEN,42,13,,para,b
GEN,42,14,,verse,v
GEN,42,14,"Then Joseph declared, “Just as I said, you are spies!",para,m
GEN,42,15,,verse,v
GEN,42,15,"And this is how you will be tested: As surely as Pharaoh lives, you shall not leave this place unless your youngest brother comes here.",para,m
GEN,42,16,,verse,v
GEN,42,16,"Send one of your number to get your brother; the rest of you will be confined so that the truth of your words may be tested. If they are untrue, then as surely as Pharaoh lives, you are spies!”",para,m
GEN,42,16,,para,b
GEN,42,17,,verse,v
GEN,42,17,"So Joseph imprisoned them for three days,",para,m
GEN,42,18,,verse,v
GEN,42,18,"and on the third day he said to them, “I fear God. So do this and you will live:",para,m
GEN,42,19,,verse,v
GEN,42,19,"If you are honest, leave one of your brothers in custody while the rest of you go and take back grain to relieve the hunger of your households.",para,m
GEN,42,20,,verse,v
GEN,42,20,"Then bring your youngest brother to me so that your words can be verified, that you may not die.”",para,m
GEN,42,20,,para,b
GEN,42,20,And to this they consented.,para,m
GEN,42,20,,para,b
GEN,42,21,,verse,v
GEN,42,21,"Then they said to one another, “Surely we are being punished because of our brother. We saw his anguish when he pleaded with us, but we would not listen. That is why this distress has come upon us.”",para,m
GEN,42,21,,para,b
GEN,42,22,,verse,v
GEN,42,22,"And Reuben responded, “Didn’t I tell you not to sin against the boy? But you would not listen. Now we must account for his blood!”",para,m
GEN,42,22,,para,b
GEN,42,23,,verse,v
GEN,42,23,"They did not realize that Joseph understood them, since there was an interpreter between them.",para,m
GEN,42,24,,verse,v
GEN,42,24,"And he turned away from them and wept. When he turned back and spoke to them, he took Simeon from them and had him bound before their eyes.",para,m
GEN,42,24,Joseph’s Brothers Return to Canaan,para,s1
GEN,42,24,,para,b
GEN,42,25,,verse,v
GEN,42,25,"Then Joseph gave orders to fill their bags with grain, to return each man’s silver",para,m
GEN,42,25,,note,f
GEN,42,25,42:25,char,fr
GEN,42,25,Or money; here and throughout chapters 42–44,char,ft
GEN,42,25," to his sack, and to give them provisions for their journey. This order was carried out,",para,m
GEN,42,26,,verse,v
GEN,42,26,and they loaded the grain on their donkeys and departed.,para,m
GEN,42,26,,para,b
GEN,42,27,,verse,v
GEN,42,27,"At the place where they lodged for the night, one of them opened his sack to get feed for his donkey, and he saw his silver in the mouth of the sack.",para,m
GEN,42,28,,verse,v
GEN,42,28,“My silver has been returned!” he said to his brothers. “It is here in my sack.”,para,m
GEN,42,28,,para,b
GEN,42,28,"Their hearts sank, and trembling, they turned to one another and said, “What is this that God has done to us?”",para,m
GEN,42,28,,para,b
GEN,42,29,,verse,v
GEN,42,29,"When they reached their father Jacob in the land of Canaan, they described to him all that had happened to them:",para,m
GEN,42,30,,verse,v
GEN,42,30,“The man who is lord of the land spoke harshly to us and accused us of spying on the country.,para,m
GEN,42,30,,para,b
GEN,42,31,,verse,v
GEN,42,31,"But we told him, ‘We are honest men, not spies.",para,m
GEN,42,32,,verse,v
GEN,42,32,"We are twelve brothers, sons of one father. One is no more, and the youngest is now with our father in the land of Canaan.’",para,m
GEN,42,32,,para,b
GEN,42,33,,verse,v
GEN,42,33,"Then the man who is lord of the land said to us, ‘This is how I will know whether you are honest: Leave one brother with me, take food to relieve the hunger of your households, and go.",para,m
GEN,42,34,,verse,v
GEN,42,34,"But bring your youngest brother back to me so I will know that you are not spies but honest men. Then I will give your brother back to you, and you can trade in the land.’”",para,m
GEN,42,34,,para,b
GEN,42,35,,verse,v
GEN,42,35,"As they began emptying their sacks, there in each man’s sack was his bag of silver! And when they and their father saw the bags of silver, they were dismayed.",para,m
GEN,42,35,,para,b
GEN,42,36,,verse,v
GEN,42,36,"Their father Jacob said to them, “You have deprived me of my sons. Joseph is gone and Simeon is no more. Now you want to take Benjamin. Everything is going against me!”",para,m
GEN,42,36,,para,b
GEN,42,37,,verse,v
GEN,42,37,"Then Reuben said to his father, “You may kill my two sons if I fail to bring him back to you. Put him in my care, and I will return him.”",para,m
GEN,42,37,,para,b
GEN,42,38,,verse,v
GEN,42,38,"But Jacob replied, “My son will not go down there with you, for his brother is dead, and he alone is left. If any harm comes to him on your journey, you will bring my gray hair down to Sheol in sorrow.”",para,m
GEN,43,,,chapter,c
GEN,43,,The Return to Egypt with Benjamin,para,s1
GEN,43,1,,verse,v
GEN,43,1,Now the famine was still severe in the land.,para,m
GEN,43,2,,verse,v
GEN,43,2,"So when Jacob’s sons had eaten all the grain they had brought from Egypt, their father said to them, “Go back and buy us a little more food.”",para,m
GEN,43,2,,para,b
GEN,43,3,,verse,v
GEN,43,3,"But Judah replied, “The man solemnly warned us, ‘You will not see my face again unless your brother is with you.’",para,m
GEN,43,4,,verse,v
GEN,43,4,"If you will send our brother with us, we will go down and buy food for you.",para,m
GEN,43,5,,verse,v
GEN,43,5,"But if you will not send him, we will not go; for the man told us, ‘You will not see my face again unless your brother is with you.’”",para,m
GEN,43,5,,para,b
GEN,43,6,,verse,v
GEN,43,6,“Why did you bring this trouble upon me?” Israel asked. “Why did you tell the man you had another brother?”,para,m
GEN,43,6,,para,b
GEN,43,7,,verse,v
GEN,43,7,"They replied, “The man questioned us in detail about ourselves and our family: ‘Is your father still alive? Do you have another brother?’ And we answered him accordingly. How could we possibly know that he would say, ‘Bring your brother here’?”",para,m
GEN,43,7,,para,b
GEN,43,8,,verse,v
GEN,43,8,"And Judah said to his father Israel, “Send the boy with me, and we will go at once, so that we may live and not die—neither we, nor you, nor our children.",para,m
GEN,43,9,,verse,v
GEN,43,9,"I will guarantee his safety. You may hold me personally responsible. If I do not bring him back and set him before you, then may I bear the guilt before you all my life.",para,m
GEN,43,10,,verse,v
GEN,43,10,"If we had not delayed, we could have come and gone twice by now.”",para,m
GEN,43,10,,para,b
GEN,43,11,,verse,v
GEN,43,11,"Then their father Israel said to them, “If it must be so, then do this: Put some of the best products of the land in your packs and carry them down as a gift for the man—a little balm and a little honey, spices and myrrh, pistachios and almonds.",para,m
GEN,43,12,,verse,v
GEN,43,12,Take double the silver with you so that you may return the silver that was put back into the mouths of your sacks. Perhaps it was a mistake.,para,m
GEN,43,13,,verse,v
GEN,43,13,"Take your brother as well, and return to the man at once.",para,m
GEN,43,14,,verse,v
GEN,43,14,May God Almighty,para,m
GEN,43,14,,note,f
GEN,43,14,43:14,char,fr
GEN,43,14,Hebrew El-Shaddai,char,ft
GEN,43,14," grant you mercy before the man, that he may release your other brother along with Benjamin. As for me, if I am bereaved, I am bereaved.”",para,m
GEN,43,14,,para,b
GEN,43,15,,verse,v
GEN,43,15,"So the men took these gifts, along with double the amount of silver, and Benjamin as well. Then they hurried down to Egypt and stood before Joseph.",para,m
GEN,43,15,Joseph’s Hospitality to His Brothers,para,s1
GEN,43,15,,para,b
GEN,43,16,,verse,v
GEN,43,16,"When Joseph saw Benjamin with his brothers, he said to the steward of his house, “Take these men to my house. Slaughter an animal and prepare it, for they shall dine with me at noon.”",para,m
GEN,43,17,,verse,v
GEN,43,17,The man did as Joseph had commanded and took the brothers to Joseph’s house.,para,m
GEN,43,17,,para,b
GEN,43,18,,verse,v
GEN,43,18,"But the brothers were frightened that they had been taken to Joseph’s house. “We have been brought here because of the silver that was returned in our bags the first time,” they said. “They intend to overpower us and take us as slaves, along with our donkeys.”",para,m
GEN,43,18,,para,b
GEN,43,19,,verse,v
GEN,43,19,So they approached Joseph’s steward and spoke to him at the entrance to the house.,para,m
GEN,43,20,,verse,v
GEN,43,20,"“Please, sir,” they said, “we really did come down here the first time to buy food.",para,m
GEN,43,21,,verse,v
GEN,43,21,"But when we came to the place we lodged for the night, we opened our sacks and, behold, each of us found his silver in the mouth of his sack! It was the full amount of our silver, and we have brought it back with us.",para,m
GEN,43,22,,verse,v
GEN,43,22,We have brought additional silver with us to buy food. We do not know who put our silver in our sacks.”,para,m
GEN,43,22,,para,b
GEN,43,23,,verse,v
GEN,43,23,"“It is fine,” said the steward. “Do not be afraid. Your God, the God of your father, gave you the treasure that was in your sacks. I received your silver.” Then he brought Simeon out to them.",para,m
GEN,43,24,,verse,v
GEN,43,24,"And the steward took the men into Joseph’s house, gave them water to wash their feet, and provided food for their donkeys.",para,m
GEN,43,24,,para,b
GEN,43,25,,verse,v
GEN,43,25,"Since the brothers had been told that they were going to eat a meal there, they prepared their gift for Joseph’s arrival at noon.",para,m
GEN,43,26,,verse,v
GEN,43,26,"When Joseph came home, they presented him with the gifts they had brought, and they bowed to the ground before him.",para,m
GEN,43,26,,para,b
GEN,43,27,,verse,v
GEN,43,27,"He asked if they were well, and then he asked, “How is your elderly father you told me about? Is he still alive?”",para,m
GEN,43,27,,para,b
GEN,43,28,,verse,v
GEN,43,28,"“Your servant our father is well,” they answered. “He is still alive.” And they bowed down to honor him.",para,m
GEN,43,28,,para,b
GEN,43,29,,verse,v
GEN,43,29,"When Joseph looked up and saw his brother Benjamin, his own mother’s son, he asked, “Is this your youngest brother, the one you told me about?” Then he declared, “May God be gracious to you, my son.”",para,m
GEN,43,29,,para,b
GEN,43,30,,verse,v
GEN,43,30,"Joseph hurried out because he was moved to tears for his brother, and he went to a private room to weep.",para,m
GEN,43,31,,verse,v
GEN,43,31,"Then he washed his face and came back out. Regaining his composure, he said, “Serve the meal.”",para,m
GEN,43,31,,para,b
GEN,43,32,,verse,v
GEN,43,32,"They separately served Joseph, his brothers, and the Egyptians. They ate separately because the Egyptians would not eat with the Hebrews, since that was detestable to them.",para,m
GEN,43,33,,verse,v
GEN,43,33,"They were seated before Joseph in order by age, from the firstborn to the youngest, and the men looked at one another in astonishment.",para,m
GEN,43,34,,verse,v
GEN,43,34,"When the portions were served to them from Joseph’s table, Benjamin’s portion was five times larger than any of the others. So they feasted and drank freely with Joseph.",para,m
GEN,44,,,chapter,c
GEN,44,,Benjamin and the Silver Cup,para,s1
GEN,44,1,,verse,v
GEN,44,1,"Then Joseph instructed his steward: “Fill the men’s sacks with as much food as they can carry, and put each one’s silver in the mouth of his sack.",para,m
GEN,44,2,,verse,v
GEN,44,2,"Put my cup, the silver one, in the mouth of the youngest one’s sack, along with the silver for his grain.”",para,m
GEN,44,2,,para,b
GEN,44,2,So the steward did as Joseph had instructed.,para,m
GEN,44,2,,para,b
GEN,44,3,,verse,v
GEN,44,3,"At daybreak, the men were sent on their way with their donkeys.",para,m
GEN,44,4,,verse,v
GEN,44,4,"They had not gone far from the city when Joseph told his steward, “Pursue the men at once, and when you overtake them, ask, ‘Why have you repaid good with evil?",para,m
GEN,44,4,,note,f
GEN,44,4,44:4,char,fr
GEN,44,4,LXX includes Why have you stolen my silver cup?,char,ft
GEN,44,4,,para,m
GEN,44,5,,verse,v
GEN,44,5,Is this not the cup,para,m
GEN,44,5,,note,f
GEN,44,5,44:5,char,fr
GEN,44,5,Hebrew Is it not this which,char,ft
GEN,44,5, my master drinks from and uses for divination? What you have done is wicked!’”,para,m
GEN,44,5,,para,b
GEN,44,6,,verse,v
GEN,44,6,"When the steward overtook them, he relayed these words to them.",para,m
GEN,44,6,,para,b
GEN,44,7,,verse,v
GEN,44,7,“Why does my lord say these things?” they asked. “Your servants could not possibly do such a thing.,para,m
GEN,44,8,,verse,v
GEN,44,8,We even brought back to you from the land of Canaan the silver we found in the mouths of our sacks. Why would we steal silver or gold from your master’s house?,para,m
GEN,44,9,,verse,v
GEN,44,9,"If any of your servants is found to have it, he must die, and the rest will become slaves of my lord.”",para,m
GEN,44,9,,para,b
GEN,44,10,,verse,v
GEN,44,10,"“As you say,” replied the steward. “But only the one who is found with the cup will be my slave, and the rest of you shall be free of blame.”",para,m
GEN,44,10,,para,b
GEN,44,11,,verse,v
GEN,44,11,So each one quickly lowered his sack to the ground and opened it.,para,m
GEN,44,12,,verse,v
GEN,44,12,"The steward searched, beginning with the oldest and ending with the youngest—and the cup was found in Benjamin’s sack.",para,m
GEN,44,13,,verse,v
GEN,44,13,"Then they all tore their clothes, loaded their donkeys, and returned to the city.",para,m
GEN,44,13,,para,b
GEN,44,14,,verse,v
GEN,44,14,"When Judah and his brothers arrived at Joseph’s house, he was still there, and they fell to the ground before him.",para,m
GEN,44,14,,para,b
GEN,44,15,,verse,v
GEN,44,15,“What is this deed you have done?” Joseph declared. “Do you not know that a man like me can surely divine the truth?”,para,m
GEN,44,15,,para,b
GEN,44,16,,verse,v
GEN,44,16,“What can we say to my lord?” Judah replied. “How can we plead? How can we justify ourselves? God has exposed the iniquity of your servants. We are now my lord’s slaves—both we and the one who was found with the cup.”,para,m
GEN,44,16,,para,b
GEN,44,17,,verse,v
GEN,44,17,"But Joseph replied, “Far be it from me to do this. The man who was found with the cup will be my slave. The rest of you may return to your father in peace.”",para,m
GEN,44,17,Judah Pleads for Benjamin,para,s1
GEN,44,17,,para,b
GEN,44,18,,verse,v
GEN,44,18,"Then Judah approached Joseph and said, “Sir, please let your servant speak personally to my lord. Do not be angry with your servant, for you are equal to Pharaoh himself.",para,m
GEN,44,19,,verse,v
GEN,44,19,"My lord asked his servants, ‘Do you have a father or a brother?’",para,m
GEN,44,19,,para,b
GEN,44,20,,verse,v
GEN,44,20,"And we answered, ‘We have an elderly father and a younger brother, the child of his old age. The boy’s brother is dead. He is the only one of his mother’s sons left, and his father loves him.’",para,m
GEN,44,20,,para,b
GEN,44,21,,verse,v
GEN,44,21,"Then you told your servants, ‘Bring him down to me so that I can see him for myself.’",para,m
GEN,44,21,,para,b
GEN,44,22,,verse,v
GEN,44,22,"So we said to my lord, ‘The boy cannot leave his father. If he were to leave, his father would die.’",para,m
GEN,44,22,,para,b
GEN,44,23,,verse,v
GEN,44,23,"But you said to your servants, ‘Unless your younger brother comes down with you, you will not see my face again.’",para,m
GEN,44,23,,para,b
GEN,44,24,,verse,v
GEN,44,24,"Now when we returned to your servant my father, we relayed your words to him.",para,m
GEN,44,24,,para,b
GEN,44,25,,verse,v
GEN,44,25,"Then our father said, ‘Go back and buy us some food.’",para,m
GEN,44,25,,para,b
GEN,44,26,,verse,v
GEN,44,26,"But we answered, ‘We cannot go down there unless our younger brother goes with us. So if our younger brother is not with us, we cannot see the man.’",para,m
GEN,44,26,,para,b
GEN,44,27,,verse,v
GEN,44,27,"And your servant my father said to us, ‘You know that my wife bore me two sons.",para,m
GEN,44,28,,verse,v
GEN,44,28,"When one of them was gone, I said: “Surely he has been torn to pieces.” And I have not seen him since.",para,m
GEN,44,29,,verse,v
GEN,44,29,"Now if you also take this one from me and harm comes to him, you will bring my gray hair down to Sheol in sorrow.’",para,m
GEN,44,29,,para,b
GEN,44,30,,verse,v
GEN,44,30,"So if the boy is not with us when I return to your servant, and if my father, whose life is wrapped up in the boy’s life,",para,m
GEN,44,31,,verse,v
GEN,44,31,"sees that the boy is not with us, he will die. Then your servants will have brought the gray hair of your servant our father down to Sheol in sorrow.",para,m
GEN,44,32,,verse,v
GEN,44,32,"Indeed, your servant guaranteed the boy’s safety to my father, saying, ‘If I do not return him to you, I will bear the guilt before you, my father, all my life.’",para,m
GEN,44,32,,para,b
GEN,44,33,,verse,v
GEN,44,33,Now please let your servant stay here as my lord’s slave in place of the boy. Let him return with his brothers.,para,m
GEN,44,34,,verse,v
GEN,44,34,For how can I go back to my father without the boy? I could not bear to see the misery that would overwhelm him.”,para,m
GEN,45,,,chapter,c
GEN,45,,Joseph Reveals His Identity,para,s1
GEN,45,1,,verse,v
GEN,45,1,"Then Joseph could no longer control himself before all his attendants, and he cried out, “Send everyone away from me!”",para,m
GEN,45,1,,para,b
GEN,45,1,So none of them were with Joseph when he made himself known to his brothers.,para,m
GEN,45,2,,verse,v
GEN,45,2,"But he wept so loudly that the Egyptians heard him, and Pharaoh’s household soon heard of it.",para,m
GEN,45,2,,para,b
GEN,45,3,,verse,v
GEN,45,3,"Joseph said to his brothers, “I am Joseph! Is my father still alive?”",para,m
GEN,45,3,,para,b
GEN,45,3,"But they were unable to answer him, because they were terrified in his presence.",para,m
GEN,45,3,,para,b
GEN,45,4,,verse,v
GEN,45,4,"Then Joseph said to his brothers, “Please come near me.” And they did so.",para,m
GEN,45,4,,para,b
GEN,45,4,"“I am Joseph, your brother,” he said, “the one you sold into Egypt!",para,m
GEN,45,5,,verse,v
GEN,45,5,"And now, do not be distressed or angry with yourselves that you sold me into this place, because it was to save lives that God sent me before you.",para,m
GEN,45,6,,verse,v
GEN,45,6,"For the famine has covered the land these two years, and there will be five more years without plowing or harvesting.",para,m
GEN,45,7,,verse,v
GEN,45,7,God sent me before you to preserve you as a remnant on the earth and to save your lives by a great deliverance.,para,m
GEN,45,7,,note,f
GEN,45,7,45:7,char,fr
GEN,45,7,Or and to keep you alive as a great band of survivors,char,ft
GEN,45,7,,para,m
GEN,45,8,,verse,v
GEN,45,8,"Therefore it was not you who sent me here, but God, who has made me a father to Pharaoh—lord of all his household and ruler over all the land of Egypt.",para,m
GEN,45,8,Joseph Sends for His Father,para,s1
GEN,45,8,,para,b
GEN,45,9,,verse,v
GEN,45,9,"Now return quickly to my father and tell him, ‘This is what your son Joseph says: God has made me lord of all Egypt. Come down to me without delay.",para,m
GEN,45,10,,verse,v
GEN,45,10,"You shall settle in the land of Goshen and be near me—you and your children and grandchildren, your flocks and herds, and everything you own.",para,m
GEN,45,11,,verse,v
GEN,45,11,"And there I will provide for you, because there will be five more years of famine. Otherwise, you and your household and everything you own will come to destitution.’",para,m
GEN,45,11,,para,b
GEN,45,12,,verse,v
GEN,45,12,"Behold! You and my brother Benjamin can see that I, Joseph, am the one speaking with you.",para,m
GEN,45,13,,verse,v
GEN,45,13,Tell my father about all my splendor in Egypt and everything you have seen. And bring my father down here quickly.”,para,m
GEN,45,13,,para,b
GEN,45,14,,verse,v
GEN,45,14,"Then Joseph threw his arms around his brother Benjamin and wept, and Benjamin wept as they embraced.",para,m
GEN,45,15,,verse,v
GEN,45,15,Joseph kissed each of his brothers as he wept over them. And afterward his brothers talked with him.,para,m
GEN,45,15,Pharaoh Invites Jacob to Egypt,para,s1
GEN,45,15,,para,b
GEN,45,16,,verse,v
GEN,45,16,"When the news reached Pharaoh’s house that Joseph’s brothers had come, Pharaoh and his servants were pleased.",para,m
GEN,45,16,,para,b
GEN,45,17,,verse,v
GEN,45,17,"Pharaoh said to Joseph, “Tell your brothers, ‘Do as follows: Load your animals and return to the land of Canaan.",para,m
GEN,45,18,,verse,v
GEN,45,18,"Then bring your father and your families and return to me. I will give you the best of the land of Egypt, and you shall eat from the fat of the land.’",para,m
GEN,45,19,,verse,v
GEN,45,19,"You are also directed to tell them: ‘Take wagons from the land of Egypt for your young children and your wives, and bring your father and come back.",para,m
GEN,45,20,,verse,v
GEN,45,20,"But pay no regard to your belongings, for the best of all the land of Egypt is yours.’”",para,m
GEN,45,20,,para,b
GEN,45,21,,verse,v
GEN,45,21,"So the sons of Israel did as they were told. Joseph gave them wagons as Pharaoh had instructed, and he also gave them provisions for their journey.",para,m
GEN,45,22,,verse,v
GEN,45,22,"He gave new garments to each of them, but to Benjamin he gave three hundred shekels of silver",para,m
GEN,45,22,,note,f
GEN,45,22,45:22,char,fr
GEN,45,22,300 shekels is approximately 7.5 pounds or 3.4 kilograms of silver.,char,ft
GEN,45,22, and five sets of clothes.,para,m
GEN,45,23,,verse,v
GEN,45,23,"And he sent to his father the following: ten donkeys loaded with the best of Egypt, and ten female donkeys loaded with grain and bread and provisions for his father’s journey.",para,m
GEN,45,23,,para,b
GEN,45,24,,verse,v
GEN,45,24,"Then Joseph sent his brothers on their way, and as they were leaving, he said to them, “Do not quarrel on the way!”",para,m
GEN,45,24,The Revival of Jacob,para,s1
GEN,45,24,,para,b
GEN,45,25,,verse,v
GEN,45,25,So the brothers went up out of Egypt and came to their father Jacob in the land of Canaan.,para,m
GEN,45,26,,verse,v
GEN,45,26,"“Joseph is still alive,” they said, “and he is ruler over all the land of Egypt!”",para,m
GEN,45,26,,para,b
GEN,45,26,"But Jacob was stunned, for he did not believe them.",para,m
GEN,45,27,,verse,v
GEN,45,27,"However, when they relayed all that Joseph had told them, and when he saw the wagons that Joseph had sent to carry him back, the spirit of their father Jacob was revived.",para,m
GEN,45,27,,para,b
GEN,45,28,,verse,v
GEN,45,28,“Enough!” declared Israel. “My son Joseph is still alive! I will go to see him before I die.”,para,m
GEN,46,,,chapter,c
GEN,46,,Jacob’s Journey to Egypt,para,s1
GEN,46,1,,verse,v
GEN,46,1,"So Israel set out with all that he had, and when he came to Beersheba, he offered sacrifices to the God of his father Isaac.",para,m
GEN,46,2,,verse,v
GEN,46,2,"And that night God spoke to Israel in a vision: “Jacob, Jacob!” He said.",para,m
GEN,46,2,,para,b
GEN,46,2,"“Here I am,” replied Jacob.",para,m
GEN,46,2,,para,b
GEN,46,3,,verse,v
GEN,46,3,"“I am God,” He said, “the God of your father. Do not be afraid to go down to Egypt, for I will make you into a great nation there.",para,m
GEN,46,4,,verse,v
GEN,46,4,"I will go down with you to Egypt, and I will surely bring you back. And Joseph’s own hands will close your eyes.”",para,m
GEN,46,4,,para,b
GEN,46,5,,verse,v
GEN,46,5,"Then Jacob departed from Beersheba, and the sons of Israel took their father Jacob in the wagons Pharaoh had sent to carry him, along with their children and wives.",para,m
GEN,46,6,,verse,v
GEN,46,6,"They also took the livestock and possessions they had acquired in the land of Canaan, and Jacob and all his offspring went to Egypt.",para,m
GEN,46,6,Those Who Went to Egypt,para,s1
GEN,46,6,(Exodus 1:1–7),para,r
GEN,46,6,,para,b
GEN,46,7,,verse,v
GEN,46,7,"Jacob took with him to Egypt his sons and grandsons, and his daughters and granddaughters—all his offspring.",para,m
GEN,46,7,The Children of Leah,para,s2
GEN,46,7,,para,b
GEN,46,8,,verse,v
GEN,46,8,"Now these are the names of the sons of Israel (Jacob and his descendants) who went to Egypt: Reuben, Jacob’s firstborn.",para,li1
GEN,46,8,,para,b
GEN,46,9,,verse,v
GEN,46,9,"The sons of Reuben: Hanoch, Pallu, Hezron, and Carmi.",para,li1
GEN,46,9,,para,b
GEN,46,10,,verse,v
GEN,46,10,"The sons of Simeon: Jemuel,",para,li1
GEN,46,10,,note,f
GEN,46,10,46:10,char,fr
GEN,46,10,Jemuel is another name for Nemuel; see Numbers 26:12.,char,ft
GEN,46,10," Jamin, Ohad, Jachin, Zohar,",para,li1
GEN,46,10,,note,f
GEN,46,10,46:10,char,fr
GEN,46,10,Zohar is a variant of Zerah; see Numbers 26:13 and 1 Chronicles 4:24.,char,ft
GEN,46,10, and Shaul the son of a Canaanite woman.,para,li1
GEN,46,10,,para,b
GEN,46,11,,verse,v
GEN,46,11,"The sons of Levi: Gershon, Kohath, and Merari.",para,li1
GEN,46,11,,para,b
GEN,46,12,,verse,v
GEN,46,12,"The sons of Judah: Er, Onan, Shelah, Perez, and Zerah; but Er and Onan died in the land of Canaan.",para,li1
GEN,46,12,,para,b
GEN,46,12,The sons of Perez: Hezron and Hamul.,para,li1
GEN,46,12,,para,b
GEN,46,13,,verse,v
GEN,46,13,"The sons of Issachar: Tola, Puvah,",para,li1
GEN,46,13,,note,f
GEN,46,13,46:13,char,fr
GEN,46,13,Hebrew; SP and Syriac Puah; see 1 Chronicles 7:1.,char,ft
GEN,46,13," Job,",para,li1
GEN,46,13,,note,f
GEN,46,13,46:13,char,fr
GEN,46,13,Hebrew; SP and some LXX manuscripts Jashub; see Numbers 26:24 and 1 Chronicles 7:1.,char,ft
GEN,46,13, and Shimron.,para,li1
GEN,46,13,,para,b
GEN,46,14,,verse,v
GEN,46,14,"The sons of Zebulun: Sered, Elon, and Jahleel.",para,li1
GEN,46,14,,para,b
GEN,46,15,,verse,v
GEN,46,15,"These are the sons of Leah born to Jacob in Paddan-aram,",para,li1
GEN,46,15,,note,f
GEN,46,15,46:15,char,fr
GEN,46,15,"That is, northwest Mesopotamia",char,ft
GEN,46,15, in addition to his daughter Dinah. The total number of sons and daughters was thirty-three.,para,li1
GEN,46,15,The Children of Zilpah,para,s2
GEN,46,15,,para,b
GEN,46,16,,verse,v
GEN,46,16,"The sons of Gad: Ziphion,",para,li1
GEN,46,16,,note,f
GEN,46,16,46:16,char,fr
GEN,46,16,SP and LXX Zephon; see also Numbers 26:15.,char,ft
GEN,46,16," Haggi, Shuni, Ezbon, Eri, Arodi,",para,li1
GEN,46,16,,note,f
GEN,46,16,46:16,char,fr
GEN,46,16,Arodi is a variant of Arod; see Numbers 26:17.,char,ft
GEN,46,16, and Areli.,para,li1
GEN,46,16,,para,b
GEN,46,17,,verse,v
GEN,46,17,"The children of Asher: Imnah, Ishvah, Ishvi, Beriah, and their sister Serah.",para,li1
GEN,46,17,,para,b
GEN,46,17,The sons of Beriah: Heber and Malchiel.,para,li1
GEN,46,17,,para,b
GEN,46,18,,verse,v
GEN,46,18,These are the sons of Jacob born to Zilpah—whom Laban gave to his daughter Leah—sixteen in all.,para,li1
GEN,46,18,The Children of Rachel,para,s2
GEN,46,18,,para,b
GEN,46,19,,verse,v
GEN,46,19,The sons of Jacob’s wife Rachel: Joseph and Benjamin.,para,li1
GEN,46,19,,para,b
GEN,46,20,,verse,v
GEN,46,20,"Manasseh and Ephraim were born to Joseph in the land of Egypt by Asenath daughter of Potiphera, priest of On.",para,li1
GEN,46,20,,note,f
GEN,46,20,46:20,char,fr
GEN,46,20,"That is, Heliopolis, as in LXX",char,ft
GEN,46,20,,para,li1
GEN,46,20,,para,b
GEN,46,21,,verse,v
GEN,46,21,"The sons of Benjamin: Bela, Becher, Ashbel, Gera, Naaman, Ehi, Rosh, Muppim, Huppim, and Ard.",para,li1
GEN,46,21,,para,b
GEN,46,22,,verse,v
GEN,46,22,These are the sons of Rachel born to Jacob—fourteen in all.,para,li1
GEN,46,22,The Children of Bilhah,para,s2
GEN,46,22,,para,b
GEN,46,23,,verse,v
GEN,46,23,The son of Dan: Hushim.,para,li1
GEN,46,23,,para,b
GEN,46,24,,verse,v
GEN,46,24,"The sons of Naphtali: Jahzeel, Guni, Jezer, and Shillem.",para,li1
GEN,46,24,,para,b
GEN,46,25,,verse,v
GEN,46,25,"These are the sons of Jacob born to Bilhah, whom Laban gave to his daughter Rachel—seven in all.",para,li1
GEN,46,25,,para,b
GEN,46,26,,verse,v
GEN,46,26,"All those belonging to Jacob who came to Egypt—his direct descendants, besides the wives of Jacob’s sons—numbered sixty-six persons.",para,m
GEN,46,27,,verse,v
GEN,46,27,And with the two sons,para,m
GEN,46,27,,note,f
GEN,46,27,46:27,char,fr
GEN,46,27,"Hebrew; LXX the nine sons, probably including Joseph’s grandsons through Ephraim and Manasseh; see 1 Chronicles 7:14–29.",char,ft
GEN,46,27," who had been born to Joseph in Egypt, the members of Jacob’s family who went to Egypt were seventy",para,m
GEN,46,27,,note,f
GEN,46,27,46:27,char,fr
GEN,46,27,Hebrew (see also Exodus 1:5); LXX (see also Acts 7:14) seventy-five,char,ft
GEN,46,27, in all.,para,m
GEN,46,27,Jacob Arrives in Egypt,para,s1
GEN,46,27,,para,b
GEN,46,28,,verse,v
GEN,46,28,"Now Jacob had sent Judah ahead of him to Joseph to get directions to Goshen. When Jacob’s family arrived in the land of Goshen,",para,m
GEN,46,29,,verse,v
GEN,46,29,"Joseph prepared his chariot and went there to meet his father Israel. Joseph presented himself to him, embraced him, and wept profusely.",para,m
GEN,46,29,,para,b
GEN,46,30,,verse,v
GEN,46,30,"Then Israel said to Joseph, “Finally I can die, now that I have seen your face and know that you are still alive!”",para,m
GEN,46,30,,para,b
GEN,46,31,,verse,v
GEN,46,31,"Joseph said to his brothers and to his father’s household, “I will go up and inform Pharaoh: ‘My brothers and my father’s household from the land of Canaan have come to me.",para,m
GEN,46,32,,verse,v
GEN,46,32,"The men are shepherds; they raise livestock, and they have brought their flocks and herds and all that they own.’",para,m
GEN,46,32,,para,b
GEN,46,33,,verse,v
GEN,46,33,"When Pharaoh summons you and asks, ‘What is your occupation?’",para,m
GEN,46,34,,verse,v
GEN,46,34,"you are to say, ‘Your servants have raised livestock ever since our youth—both we and our fathers.’ Then you will be allowed to settle in the land of Goshen, since all shepherds are detestable to the Egyptians.”",para,m
GEN,47,,,chapter,c
GEN,47,,Jacob Settles in Goshen,para,s1
GEN,47,1,,verse,v
GEN,47,1,"So Joseph went and told Pharaoh: “My father and my brothers, with their flocks and herds and all they own, have come from the land of Canaan and are now in Goshen.”",para,m
GEN,47,1,,para,b
GEN,47,2,,verse,v
GEN,47,2,And he chose five of his brothers and presented them before Pharaoh.,para,m
GEN,47,2,,para,b
GEN,47,3,,verse,v
GEN,47,3,“What is your occupation?” Pharaoh asked Joseph’s brothers.,para,m
GEN,47,3,,para,b
GEN,47,3,"“Your servants are shepherds,” they replied, “both we and our fathers.”",para,m
GEN,47,3,,para,b
GEN,47,4,,verse,v
GEN,47,4,"Then they said to Pharaoh, “We have come to live in the land for a time, because there is no pasture for the flocks of your servants, since the famine in the land of Canaan has been severe. So now, please allow your servants to settle in the land of Goshen.”",para,m
GEN,47,4,,para,b
GEN,47,5,,verse,v
GEN,47,5,"Pharaoh said to Joseph, “Now that your father and brothers have come to you,",para,m
GEN,47,6,,verse,v
GEN,47,6,"the land of Egypt is before you; settle your father and brothers in the best part of the land. They may dwell in the land of Goshen. And if you know of any talented men among them, put them in charge of my own livestock.”",para,m
GEN,47,6,,para,b
GEN,47,7,,verse,v
GEN,47,7,"Then Joseph brought in his father Jacob and presented him before Pharaoh, and Jacob blessed Pharaoh.",para,m
GEN,47,7,,para,b
GEN,47,8,,verse,v
GEN,47,8,“How many years have you lived?” Pharaoh asked.,para,m
GEN,47,8,,para,b
GEN,47,9,,verse,v
GEN,47,9,“My travels,para,m
GEN,47,9,,note,f
GEN,47,9,47:9,char,fr
GEN,47,9,Hebrew sojourns; twice in this verse,char,ft
GEN,47,9," have lasted 130 years,” Jacob replied. “My years have been few and hard, and they have not matched the years of the travels of my fathers.”",para,m
GEN,47,9,,para,b
GEN,47,10,,verse,v
GEN,47,10,Then Jacob blessed Pharaoh and departed from his presence.,para,m
GEN,47,10,,para,b
GEN,47,11,,verse,v
GEN,47,11,"So Joseph settled his father and brothers in the land of Egypt and gave them property in the best part of the land, the district of Rameses, as Pharaoh had commanded.",para,m
GEN,47,12,,verse,v
GEN,47,12,Joseph also provided his father and brothers and all his father’s household with food for their families.,para,m
GEN,47,12,The Famine Continues,para,s1
GEN,47,12,,para,b
GEN,47,13,,verse,v
GEN,47,13,"There was no food, however, in all that region, because the famine was so severe; the lands of Egypt and Canaan had been exhausted by the famine.",para,m
GEN,47,14,,verse,v
GEN,47,14,"Joseph collected all the money to be found in the land of Egypt and the land of Canaan in exchange for the grain they were buying, and he brought it into Pharaoh’s palace.",para,m
GEN,47,15,,verse,v
GEN,47,15,"When the money from the lands of Egypt and Canaan was gone, all the Egyptians came to Joseph and said, “Give us food. Why should we die before your eyes? For our funds have run out!”",para,m
GEN,47,15,,para,b
GEN,47,16,,verse,v
GEN,47,16,"“Then bring me your livestock,” said Joseph. “Since the money is gone, I will sell you food in exchange for your livestock.”",para,m
GEN,47,17,,verse,v
GEN,47,17,"So they brought their livestock to Joseph, and he gave them food in exchange for their horses, their flocks and herds, and their donkeys. Throughout that year he provided them with food in exchange for all their livestock.",para,m
GEN,47,17,,para,b
GEN,47,18,,verse,v
GEN,47,18,"When that year was over, they came to him the second year and said, “We cannot hide from our lord that our money is gone and all our livestock belongs to you. There is nothing left for our lord except our bodies and our land.",para,m
GEN,47,19,,verse,v
GEN,47,19,"Why should we perish before your eyes—we and our land as well? Purchase us and our land in exchange for food. Then we, along with our land, will be slaves to Pharaoh. Give us seed that we may live and not die, and that the land may not become desolate.”",para,m
GEN,47,19,,para,b
GEN,47,20,,verse,v
GEN,47,20,"So Joseph acquired for Pharaoh all the land in Egypt; the Egyptians, one and all, sold their fields because the famine was so severe upon them. The land became Pharaoh’s,",para,m
GEN,47,21,,verse,v
GEN,47,21,and Joseph reduced the people to servitude,para,m
GEN,47,21,,note,f
GEN,47,21,47:21,char,fr
GEN,47,21,"SP, LXX, Vulgate; Hebrew removed the people to the cities",char,ft
GEN,47,21, from one end of Egypt to the other.,para,m
GEN,47,22,,verse,v
GEN,47,22,"However, he did not acquire the priests’ portion of the land, for it had been given to them by Pharaoh. They ate the rations that Pharaoh supplied; so they did not sell their land.",para,m
GEN,47,22,,para,b
GEN,47,23,,verse,v
GEN,47,23,"Then Joseph said to the people, “Now that I have acquired you and your land for Pharaoh this day, here is seed for you to sow in the land.",para,m
GEN,47,24,,verse,v
GEN,47,24,"At harvest time, you are to give a fifth of it to Pharaoh, and four-fifths will be yours as seed for the field and food for yourselves and your households and children.”",para,m
GEN,47,24,,para,b
GEN,47,25,,verse,v
GEN,47,25,"“You have saved our lives,” they said. “We have found favor in our lord’s eyes, and we will be Pharaoh’s servants.”",para,m
GEN,47,26,,verse,v
GEN,47,26,"So Joseph established a law that a fifth of the produce belongs to Pharaoh, and it is in effect in the land of Egypt to this day. Only the priests’ land does not belong to Pharaoh.",para,m
GEN,47,26,The Israelites Prosper in Goshen,para,s1
GEN,47,26,,para,b
GEN,47,27,,verse,v
GEN,47,27,"Now the Israelites settled in the land of Egypt, in the region of Goshen. They acquired property there and became fruitful and increased greatly in number.",para,m
GEN,47,28,,verse,v
GEN,47,28,"And Jacob lived in the land of Egypt seventeen years, and the length of his life was 147 years.",para,m
GEN,47,28,,para,b
GEN,47,29,,verse,v
GEN,47,29,"When the time drew near for Israel to die, he called his son Joseph and said to him, “If I have found favor in your eyes, put your hand under my thigh and promise to show me kindness and faithfulness. Do not bury me in Egypt,",para,m
GEN,47,30,,verse,v
GEN,47,30,"but when I lie down with my fathers, carry me out of Egypt and bury me with them.”",para,m
GEN,47,30,,para,b
GEN,47,30,"Joseph answered, “I will do as you have requested.”",para,m
GEN,47,30,,para,b
GEN,47,31,,verse,v
GEN,47,31,"“Swear to me,” Jacob said.",para,m
GEN,47,31,,para,b
GEN,47,31,"So Joseph swore to him, and Israel bowed in worship at the head of his bed.",para,m
GEN,47,31,,note,f
GEN,47,31,47:31,char,fr
GEN,47,31,Hebrew; LXX Israel worshiped as he leaned on the top of his staff; see Hebrews 11:21.,char,ft
GEN,47,31,,para,m
GEN,48,,,chapter,c
GEN,48,,Jacob Blesses Ephraim and Manasseh,para,s1
GEN,48,1,,verse,v
GEN,48,1,"Some time later Joseph was told, “Your father is ill.” So he set out with his two sons, Manasseh and Ephraim.",para,m
GEN,48,2,,verse,v
GEN,48,2,"When Jacob was told, “Your son Joseph has come to you,” Israel rallied his strength and sat up in bed.",para,m
GEN,48,2,,para,b
GEN,48,3,,verse,v
GEN,48,3,"Jacob said to Joseph, “God Almighty",para,m
GEN,48,3,,note,f
GEN,48,3,48:3,char,fr
GEN,48,3,Hebrew El-Shaddai,char,ft
GEN,48,3," appeared to me at Luz in the land of Canaan, and there He blessed me",para,m
GEN,48,4,,verse,v
GEN,48,4,"and told me, ‘Behold, I will make you fruitful and multiply you; I will make you a multitude of peoples, and will give this land to your descendants after you as an everlasting possession.’",para,m
GEN,48,4,,para,b
GEN,48,5,,verse,v
GEN,48,5,"And now your two sons born to you in Egypt before I came to you here shall be reckoned as mine; Ephraim and Manasseh shall be mine, just as Reuben and Simeon are mine.",para,m
GEN,48,6,,verse,v
GEN,48,6,"Any children born to you after them shall be yours, and they shall be called by the names of their brothers in the territory they inherit.",para,m
GEN,48,6,,para,b
GEN,48,7,,verse,v
GEN,48,7,"Now as for me, when I was returning from Paddan,",para,m
GEN,48,7,,note,f
GEN,48,7,48:7,char,fr
GEN,48,7,"That is, northwest Mesopotamia",char,ft
GEN,48,7," to my sorrow Rachel died along the way in the land of Canaan, some distance from Ephrath. So I buried her there beside the road to Ephrath” (that is, Bethlehem).",para,m
GEN,48,7,,para,b
GEN,48,8,,verse,v
GEN,48,8,"When Israel saw the sons of Joseph, he asked, “Who are these?”",para,m
GEN,48,8,,para,b
GEN,48,9,,verse,v
GEN,48,9,"Joseph said to his father, “They are the sons God has given me in this place.”",para,m
GEN,48,9,,para,b
GEN,48,9,"So Jacob said, “Please bring them to me, that I may bless them.”",para,m
GEN,48,9,,para,b
GEN,48,10,,verse,v
GEN,48,10,"Now Israel’s eyesight was poor because of old age; he could hardly see. Joseph brought his sons to him, and his father kissed them and embraced them.",para,m
GEN,48,10,,para,b
GEN,48,11,,verse,v
GEN,48,11,"“I never expected to see your face again,” Israel said to Joseph, “but now God has let me see your children as well.”",para,m
GEN,48,11,,para,b
GEN,48,12,,verse,v
GEN,48,12,Then Joseph removed his sons from his father’s knees and bowed facedown.,para,m
GEN,48,12,,para,b
GEN,48,13,,verse,v
GEN,48,13,"And Joseph took both of them—with Ephraim in his right hand toward Israel’s left hand, and Manasseh in his left hand toward Israel’s right hand—and brought them close to him.",para,m
GEN,48,14,,verse,v
GEN,48,14,"But Israel stretched out his right hand and put it on the head of Ephraim, the younger; and crossing his hands, he put his left on Manasseh’s head, although Manasseh was the firstborn.",para,m
GEN,48,15,,verse,v
GEN,48,15,Then he blessed Joseph and said:,para,m
GEN,48,15,,para,b
GEN,48,15,"“May the God before whom my fathers Abraham and Isaac walked,",para,q1
GEN,48,15,"the God who has been my shepherd all my life to this day,",para,q2
GEN,48,16,,verse,v
GEN,48,16,the angel,para,q1
GEN,48,16,,note,f
GEN,48,16,48:16,char,fr
GEN,48,16,Or Angel,char,ft
GEN,48,16, who has redeemed me from all harm—,para,q1
GEN,48,16,may He bless these boys.,para,q2
GEN,48,16,And may they be called by my name,para,q1
GEN,48,16,"and the names of my fathers Abraham and Isaac,",para,q2
GEN,48,16,and may they grow into a multitude upon the earth.”,para,q2
GEN,48,16,,para,b
GEN,48,17,,verse,v
GEN,48,17,"When Joseph saw that his father had placed his right hand on Ephraim’s head, he was displeased and took his father’s hand to move it from Ephraim’s head to Manasseh’s.",para,m
GEN,48,18,,verse,v
GEN,48,18,"“Not so, my father!” Joseph said. “This one is the firstborn; put your right hand on his head.”",para,m
GEN,48,18,,para,b
GEN,48,19,,verse,v
GEN,48,19,"But his father refused. “I know, my son, I know!” he said. “He too shall become a people, and he too shall be great; nevertheless, his younger brother shall be greater than he, and his offspring shall become a multitude of nations.”",para,m
GEN,48,19,,para,b
GEN,48,20,,verse,v
GEN,48,20,So that day Jacob blessed them and said:,para,m
GEN,48,20,,para,b
GEN,48,20,“By you shall Israel pronounce this blessing:,para,q1
GEN,48,20,‘May God make you like Ephraim and Manasseh.’”,para,q2
GEN,48,20,,para,b
GEN,48,20,So he put Ephraim before Manasseh.,para,m
GEN,48,20,,para,b
GEN,48,21,,verse,v
GEN,48,21,"Then Israel said to Joseph, “Look, I am about to die, but God will be with you and bring you back to the land of your fathers.",para,m
GEN,48,22,,verse,v
GEN,48,22,"And to you, as one who is above your brothers, I give the ridge of land",para,m
GEN,48,22,,note,f
GEN,48,22,48:22,char,fr
GEN,48,22,"Or one portion of the land; Hebrew shekem, which sounds like the town and district called Shechem",char,ft
GEN,48,22, that I took from the Amorites with my sword and bow.”,para,m
GEN,49,,,chapter,c
GEN,49,,Jacob Blesses His Sons,para,s1
GEN,49,1,,verse,v
GEN,49,1,"Then Jacob called for his sons and said, “Gather around so that I can tell you what will happen to you in the days to come:",para,m
GEN,49,1,,para,b
GEN,49,2,,verse,v
GEN,49,2,"Come together and listen, O sons of Jacob;",para,q1
GEN,49,2,listen to your father Israel.,para,q2
GEN,49,2,,para,b
GEN,49,3,,verse,v
GEN,49,3,"Reuben, you are my firstborn, my might,",para,q1
GEN,49,3,"and the beginning of my strength,",para,q2
GEN,49,3,"excelling in honor,",para,q1
GEN,49,3,excelling in power.,para,q2
GEN,49,4,,verse,v
GEN,49,4,"Uncontrolled as the waters,",para,q1
GEN,49,4,"you will no longer excel,",para,q2
GEN,49,4,"because you went up to your father’s bed,",para,q1
GEN,49,4,"onto my couch, and defiled it.",para,q2
GEN,49,4,,para,b
GEN,49,5,,verse,v
GEN,49,5,Simeon and Levi are brothers;,para,q1
GEN,49,5,their swords,para,q2
GEN,49,5,,note,f
GEN,49,5,49:5,char,fr
GEN,49,5,Or dwelling places,char,ft
GEN,49,5, are weapons of violence.,para,q2
GEN,49,6,,verse,v
GEN,49,6,May I never enter their council;,para,q1
GEN,49,6,may I never join their assembly.,para,q2
GEN,49,6,"For they kill men in their anger,",para,q1
GEN,49,6,and hamstring oxen on a whim.,para,q2
GEN,49,7,,verse,v
GEN,49,7,"Cursed be their anger, for it is strong,",para,q1
GEN,49,7,"and their wrath, for it is cruel!",para,q2
GEN,49,7,I will disperse them in Jacob,para,q1
GEN,49,7,and scatter them in Israel.,para,q2
GEN,49,7,,para,b
GEN,49,8,,verse,v
GEN,49,8,"Judah,",para,q1
GEN,49,8,,note,f
GEN,49,8,49:8,char,fr
GEN,49,8,Judah sounds like the Hebrew for praise.,char,ft
GEN,49,8, your brothers shall praise you.,para,q1
GEN,49,8,Your hand shall be on the necks of your enemies;,para,q2
GEN,49,8,your father’s sons shall bow down to you.,para,q2
GEN,49,9,,verse,v
GEN,49,9,Judah is a young lion—,para,q1
GEN,49,9,"my son, you return from the prey.",para,q2
GEN,49,9,Like a lion he crouches and lies down;,para,q1
GEN,49,9,"like a lioness, who dares to rouse him?",para,q2
GEN,49,10,,verse,v
GEN,49,10,"The scepter will not depart from Judah,",para,q1
GEN,49,10,"nor the staff from between his feet,",para,q2
GEN,49,10,,note,f
GEN,49,10,49:10,char,fr
GEN,49,10,Or from his descendants,char,ft
GEN,49,10,,para,q2
GEN,49,10,until Shiloh,para,q1
GEN,49,10,,note,f
GEN,49,10,49:10,char,fr
GEN,49,10,Or until the one to whom tribute belongs,char,ft
GEN,49,10, comes,para,q1
GEN,49,10,and the allegiance of the nations is his.,para,q2
GEN,49,11,,verse,v
GEN,49,11,"He ties his donkey to the vine,",para,q1
GEN,49,11,his colt to the choicest branch.,para,q2
GEN,49,11,"He washes his garments in wine,",para,q1
GEN,49,11,his robes in the blood of grapes.,para,q2
GEN,49,12,,verse,v
GEN,49,12,"His eyes are darker than wine,",para,q1
GEN,49,12,and his teeth are whiter than milk.,para,q2
GEN,49,12,,para,b
GEN,49,13,,verse,v
GEN,49,13,Zebulun shall dwell by the seashore,para,q1
GEN,49,13,and become a harbor for ships;,para,q2
GEN,49,13,his border shall extend to Sidon.,para,q2
GEN,49,13,,para,b
GEN,49,14,,verse,v
GEN,49,14,"Issachar is a strong donkey,",para,q1
GEN,49,14,lying down between the sheepfolds.,para,q2
GEN,49,14,,note,f
GEN,49,14,49:14,char,fr
GEN,49,14,Or saddlebags or hearths,char,ft
GEN,49,14,,para,q2
GEN,49,15,,verse,v
GEN,49,15,He saw that his resting place was good,para,q1
GEN,49,15,"and that his land was pleasant,",para,q2
GEN,49,15,so he bent his shoulder to the burden,para,q1
GEN,49,15,and submitted to labor as a servant.,para,q2
GEN,49,15,,para,b
GEN,49,16,,verse,v
GEN,49,16,Dan shall provide justice for his people,para,q1
GEN,49,16,,note,f
GEN,49,16,49:16,char,fr
GEN,49,16,Or Dan shall judge his people; Dan means He has judged or He has vindicated.,char,ft
GEN,49,16,,para,q1
GEN,49,16,as one of the tribes of Israel.,para,q2
GEN,49,17,,verse,v
GEN,49,17,"He will be a snake by the road,",para,q1
GEN,49,17,a viper in the path,para,q2
GEN,49,17,that bites the horse’s heels,para,q1
GEN,49,17,so that its rider tumbles backward.,para,q2
GEN,49,17,,para,b
GEN,49,18,,verse,v
GEN,49,18,"I await Your salvation, O LORD.",para,q1
GEN,49,18,,para,b
GEN,49,19,,verse,v
GEN,49,19,Gad,para,q1
GEN,49,19,,note,f
GEN,49,19,49:19,char,fr
GEN,49,19,Gad sounds like the Hebrew for raid and also for band of raiders.,char,ft
GEN,49,19," will be attacked by raiders,",para,q1
GEN,49,19,but he will attack their heels.,para,q2
GEN,49,19,,para,b
GEN,49,20,,verse,v
GEN,49,20,Asher’s food will be rich;,para,q1
GEN,49,20,he shall provide royal delicacies.,para,q2
GEN,49,20,,para,b
GEN,49,21,,verse,v
GEN,49,21,Naphtali is a doe set free,para,q1
GEN,49,21,that bears beautiful fawns.,para,q2
GEN,49,21,,note,f
GEN,49,21,49:21,char,fr
GEN,49,21,Or gives beautiful words or bears fawns of the fold,char,ft
GEN,49,21,,para,q2
GEN,49,21,,para,b
GEN,49,22,,verse,v
GEN,49,22,Joseph is a fruitful vine—,para,q1
GEN,49,22,"a fruitful vine by a spring,",para,q2
GEN,49,22,whose branches scale the wall.,para,q2
GEN,49,22,,note,f
GEN,49,22,49:22,char,fr
GEN,49,22,"Or Joseph is a wild donkey, a wild donkey by a spring, with his wild colts beside the wall",char,ft
GEN,49,22,,para,q2
GEN,49,23,,verse,v
GEN,49,23,The archers attacked him with bitterness;,para,q1
GEN,49,23,they aimed at him in hostility.,para,q2
GEN,49,24,,verse,v
GEN,49,24,"Yet he steadied his bow,",para,q1
GEN,49,24,and his strong arms were tempered,para,q2
GEN,49,24,"by the hands of the Mighty One of Jacob,",para,q1
GEN,49,24,"in the name of the Shepherd, the Rock of Israel,",para,q2
GEN,49,25,,verse,v
GEN,49,25,"by the God of your father who helps you,",para,q1
GEN,49,25,and by the Almighty,para,q2
GEN,49,25,,note,f
GEN,49,25,49:25,char,fr
GEN,49,25,Hebrew Shaddai,char,ft
GEN,49,25," who blesses you,",para,q2
GEN,49,25,"with blessings of the heavens above,",para,q1
GEN,49,25,"with blessings of the depths below,",para,q2
GEN,49,25,with blessings of the breasts and womb.,para,q2
GEN,49,26,,verse,v
GEN,49,26,The blessings of your father have surpassed,para,q1
GEN,49,26,the blessings of the ancient mountains,para,q2
GEN,49,26,,note,f
GEN,49,26,49:26,char,fr
GEN,49,26,Or of my ancestors,char,ft
GEN,49,26,,para,q2
GEN,49,26,and the bounty of the everlasting hills.,para,q2
GEN,49,26,"May they rest on the head of Joseph,",para,q1
GEN,49,26,on the brow of the prince of his brothers.,para,q2
GEN,49,26,,para,b
GEN,49,27,,verse,v
GEN,49,27,Benjamin is a ravenous wolf;,para,q1
GEN,49,27,"in the morning he devours the prey,",para,q2
GEN,49,27,in the evening he divides the plunder.”,para,q2
GEN,49,27,,para,b
GEN,49,28,,verse,v
GEN,49,28,"These are the tribes of Israel, twelve in all, and this was what their father said to them. He blessed them, and he blessed each one with a suitable blessing.",para,m
GEN,49,28,The Death of Jacob,para,s1
GEN,49,28,,para,b
GEN,49,29,,verse,v
GEN,49,29,"Then Jacob instructed them, “I am about to be gathered to my people. Bury me with my fathers in the cave in the field of Ephron the Hittite.",para,m
GEN,49,30,,verse,v
GEN,49,30,"The cave is in the field of Machpelah near Mamre, in the land of Canaan. This is the field Abraham purchased from Ephron the Hittite as a burial site.",para,m
GEN,49,31,,verse,v
GEN,49,31,"There Abraham and his wife Sarah are buried, there Isaac and his wife Rebekah are buried, and there I buried Leah.",para,m
GEN,49,32,,verse,v
GEN,49,32,The field and the cave that is in it were purchased from the Hittites.”,para,m
GEN,49,32,,para,b
GEN,49,33,,verse,v
GEN,49,33,"When Jacob had finished instructing his sons, he pulled his feet into the bed and breathed his last, and he was gathered to his people.",para,m
GEN,50,,,chapter,c
GEN,50,,Mourning and Burial for Jacob,para,s1
GEN,50,1,,verse,v
GEN,50,1,"Then Joseph fell upon his father’s face, wept over him, and kissed him.",para,m
GEN,50,1,,para,b
GEN,50,2,,verse,v
GEN,50,2,"And Joseph directed the physicians in his service to embalm his father Israel. So they embalmed him,",para,m
GEN,50,3,,verse,v
GEN,50,3,taking the forty days required to complete the embalming. And the Egyptians mourned for him seventy days.,para,m
GEN,50,3,,para,b
GEN,50,4,,verse,v
GEN,50,4,"When the days of mourning had passed, Joseph said to Pharaoh’s court, “If I have found favor in your eyes, please tell Pharaoh that",para,m
GEN,50,5,,verse,v
GEN,50,5,"my father made me swear an oath when he said, ‘I am about to die. You must bury me in the tomb that I dug for myself in the land of Canaan.’ Now let me go and bury my father, and then return.”",para,m
GEN,50,5,,para,b
GEN,50,6,,verse,v
GEN,50,6,"Pharaoh replied, “Go up and bury your father, as he made you swear to do.”",para,m
GEN,50,6,,para,b
GEN,50,7,,verse,v
GEN,50,7,"Then Joseph went to bury his father, and all the servants of Pharaoh accompanied him—the elders of Pharaoh’s household and all the elders of the land of Egypt—",para,m
GEN,50,8,,verse,v
GEN,50,8,"along with all of Joseph’s household, and his brothers, and his father’s household. Only their children and flocks and herds were left in Goshen.",para,m
GEN,50,8,,para,b
GEN,50,9,,verse,v
GEN,50,9,"Chariots and horsemen alike went up with him, and it was an exceedingly large procession.",para,m
GEN,50,10,,verse,v
GEN,50,10,"When they reached the threshing floor of Atad, which is across the Jordan, they lamented and wailed loudly, and Joseph mourned for his father seven days.",para,m
GEN,50,10,,para,b
GEN,50,11,,verse,v
GEN,50,11,"When the Canaanites of the land saw the mourning at the threshing floor of Atad, they said, “This is a solemn ceremony of mourning by the Egyptians.” Thus the place across the Jordan is called Abel-mizraim.",para,m
GEN,50,11,,note,f
GEN,50,11,50:11,char,fr
GEN,50,11,Abel-mizraim means mourning of the Egyptians.,char,ft
GEN,50,11,,para,m
GEN,50,11,,para,b
GEN,50,12,,verse,v
GEN,50,12,So Jacob’s sons did as he had charged them.,para,m
GEN,50,13,,verse,v
GEN,50,13,"They carried him to the land of Canaan and buried him in the cave at Machpelah in the field near Mamre, which Abraham had purchased from Ephron the Hittite as a burial site.",para,m
GEN,50,13,,para,b
GEN,50,14,,verse,v
GEN,50,14,"After Joseph had buried his father, he returned to Egypt with his brothers and all who had gone with him to bury his father.",para,m
GEN,50,14,Joseph Comforts His Brothers,para,s1
GEN,50,14,,para,b
GEN,50,15,,verse,v
GEN,50,15,"When Joseph’s brothers saw that their father was dead, they said, “What if Joseph bears a grudge? Then he will surely repay us for all the evil that we did to him.”",para,m
GEN,50,15,,para,b
GEN,50,16,,verse,v
GEN,50,16,"So they sent word to Joseph, saying, “Before he died, your father commanded,",para,m
GEN,50,17,,verse,v
GEN,50,17,"‘This is what you are to say to Joseph: I beg you, please forgive the transgression and sin of your brothers, for they did you wrong.’ So now, Joseph, please forgive the transgression of the servants of the God of your father.”",para,m
GEN,50,17,,para,b
GEN,50,17,"When their message came to him, Joseph wept.",para,m
GEN,50,18,,verse,v
GEN,50,18,"His brothers also came to him, bowed down before him, and said, “We are your slaves!”",para,m
GEN,50,18,,para,b
GEN,50,19,,verse,v
GEN,50,19,"But Joseph replied, “Do not be afraid. Am I in the place of God?",para,m
GEN,50,20,,verse,v
GEN,50,20,"As for you, what you intended against me for evil, God intended for good, in order to accomplish a day like this—to preserve the lives of many people.",para,m
GEN,50,21,,verse,v
GEN,50,21,Therefore do not be afraid. I will provide for you and your little ones.” So Joseph reassured his brothers and spoke kindly to them.,para,m
GEN,50,21,The Death of Joseph,para,s1
GEN,50,21,,para,b
GEN,50,22,,verse,v
GEN,50,22,"Now Joseph and his father’s household remained in Egypt, and Joseph lived to the age of 110.",para,m
GEN,50,23,,verse,v
GEN,50,23,"He saw Ephraim’s sons to the third generation, and indeed the sons of Machir son of Manasseh were brought up",para,m
GEN,50,23,,note,f
GEN,50,23,50:23,char,fr
GEN,50,23,Or born or placed at birth,char,ft
GEN,50,23, on Joseph’s knees.,para,m
GEN,50,23,,para,b
GEN,50,24,,verse,v
GEN,50,24,"Then Joseph said to his brothers, “I am about to die, but God will surely visit you and bring you up from this land to the land He promised on oath to Abraham, Isaac, and Jacob.”",para,m
GEN,50,25,,verse,v
GEN,50,25,"And Joseph made the sons of Israel take an oath and said, “God will surely attend to you, and then you must carry my bones up from this place.”",para,m
GEN,50,25,,para,b
GEN,50,26,,verse,v
GEN,50,26,So Joseph died at the age of 110. And they embalmed his body and placed it in a coffin in Egypt.,para,m
